Manufacturer,Model,Glass Diameter (mm),Image Diameter (mm),Closest Production Size (mm),Undercut (mm),Production Review,Notes
"5 Star Systems","Spica 250M","37","28","35.3","1.7","Nearest size is 1.7 mm under the holder",""
"Abstract","AVR LP50","37.5","20","37.5","0","",""
"Abstract","Futurescan 2CE","14","9","","","No production size at or below 14 mm",""
"Abstract","Futurescan 3","16","14","16","0","","Square gobo, not round."
"Abstract","Twister 4","11","9","","","No production size at or below 11 mm",""
"Abstract","VR8 Scanner, VR8, VRX, VRXSR","22","14","21.4","0.6","",""
"AC Lighting","Tour Spot","27.8","23","27.8","0","",""
"ACME Lighting","AECO 5","22.5","17","22.5","0","","Glass gobos only."
"ACME Lighting","AECO 10","29.8","22","27.8","2","Nearest size is 2 mm under the holder","Glass gobos only. 2.5mm Maximum Thickness."
"ACME Lighting","AECO 15","29.8","22","27.8","2","Nearest size is 2 mm under the holder","Glass gobos only. 2.5mm Maximum Thickness."
"ACME Lighting","AECO 30 IP","34","26.5","33.8","0.2","","Glass gobos only."
"ACME Lighting","Energy Spot Pro","26.8","19","26.5","0.3","","Glass gobos only."
"ACME Lighting","GEIST BEAM","22.5","11","22.5","0","","High-temperature glass gobos only. 1.1mm Maximum Thickness."
"ACME Lighting","GEIST BSWF","22.5","17","22.5","0","","Glass gobos only. 2.5mm Maximum Thickness."
"ACME Lighting","Leo","22.5","11","22.5","0","","High-temperature glass gobos only. 1.1mm Maximum Thickness."
"ACME Lighting","Lyra","22.5","17","22.5","0","","Glass gobos only. 2.5mm Maximum Thickness."
"ACME Lighting","Lyra BW","32","28","31.5","0.5","",""
"ACME Lighting","Mana Hybrid","20","12","20","0","","Glass gobos only. 2.5mm Maximum Thickness."
"ACME Lighting","Mana Profile","20","17","20","0","","2.5mm Maximum Thickness."
"ACME Lighting","RAY 500","22.5","11","22.5","0","","High-temperature glass gobos only. 1.1mm Maximum Thickness."
"ACME Lighting","Solar Flare","37.3","25","35.3","2","Nearest size is 2 mm under the holder","Glass gobos only."
"ACME Lighting","Solar Wind","22.5","11","22.5","0","","Glass gobos only. 2.5mm Maximum Thickness."
"ACME Lighting","Supernova","34","26.5","33.8","0.2","","Glass gobos only."
"ACME Lighting","Virgo","22.5","12","22.5","0","","High-temperature glass gobos only. 1.1mm Maximum Thickness."
"ACME Lighting","Willow 200","21.3","16","20","1.3","Nearest size is 1.3 mm under the holder",""
"ACME Lighting","Willow 500","26.8","16.8","26.5","0.3","","Glass gobos only. 2.5mm Maximum Thickness."
"ADB","1K - not Europe Series","100","75","100","0","","Gobo holder: GH24 metal."
"ADB","2K - not Europe Series","100","75","100","0","","Gobo holder: GH25 metal."
"ADB","A59Z, 500W/600W","65.5","49.5","53.3","12.2","Nearest size is 12.2 mm under the holder","Gobo holder: GH52 metal."
"ADB","DS54, DW54","65.5","49.5","53.3","12.2","Nearest size is 12.2 mm under the holder","Gobo holder: GH15 metal / GH55 glass."
"ADB","Orkis","86","64.5","86","0","","Metal gobos only."
"ADB","Warp 800W Zoom","86","64.5","86","0","",""
"Altman","1K Leko","86","64","86","0","","GoboPlus lists image 64.5mm - verify."
"Altman","3-1/2""","65.5","49.5","53.3","12.2","Nearest size is 12.2 mm under the holder",""
"Altman","3.5Q","53","43","50","3","Nearest size is 3 mm under the holder","GoboPlus lists glass 58.75mm; image 45mm - verify."
"Altman","360/360Q","82","58","70","12","Nearest size is 12 mm under the holder",""
"Altman","360Q","86","64.5","86","0","","Gobo holder: 15786 metal and glass / GH09 metal."
"Altman","Europe Series","100","75","100","0","","Gobo holder: GH34 metal / GH57 glass."
"Altman","Master","37.5","28","37.5","0","","Gobo holder: Discontinued."
"Altman","Master Ellipse","37.5","29","37.5","0","",""
"Altman","ME4+","37.5","31","37.5","0","",""
"Altman","Micro Ellipse","37.5","29","37.5","0","","GoboPlus lists image 28mm - verify."
"Altman","PHX 150 Profile - A size Holder","100","75","100","0","",""
"Altman","PHX 150 Profile - B size Holder","86","64.5","86","0","",""
"Altman","Shakespeare","86","64.5","86","0","","Gobo holder: 15786 metal and glass / GH09 metal."
"American DJ","Accu Color 250","26.2","25.5","25.5","0.7","","Use 25.5 glass with no ring. GoboPlus lists 26 mm / 22 mm - verify."
"American DJ","Accu Roller 250","25","20","25","0","",""
"American DJ","Accu Scan 250","25","20","25","0","",""
"American DJ","Accu Spot 250","24","20","23.7","0.3","",""
"American DJ","Accu Spot 250 Hybrid","26.7","24","26.5","0.2","","GoboPlus lists image 22mm - verify."
"American DJ","Accu Spot 250 II","25","20","25","0","",""
"American DJ","Accu Spot 250 PRO","26.7","24.7","26.5","0.2","","GoboPlus lists image 22mm - verify."
"American DJ","Accu Spot 250/2","25","20","25","0","",""
"American DJ","Accu Spot 300","25","20","25","0","",""
"American DJ","Accu Spot 575","27","2","26.5","0.5","","Image area unusually small against the 27 mm glass - verify."
"American DJ","Auto Spot 150","27.8","18","27.8","0","",""
"American DJ","Concept 1","13.8","12.5","","","No production size at or below 13.8 mm","Cannot supply."
"American DJ","Concept 1, Concept 2","13.8","12.5","","","No production size at or below 13.8 mm",""
"American DJ","Concept 2","13.8","12.5","","","No production size at or below 13.8 mm","Cannot supply."
"American DJ","Design Spot 250 Pro","26.7","23","26.5","0.2","",""
"American DJ","DJ Spot 300","27.6","23","26.5","1.1","Nearest size is 1.1 mm under the holder",""
"American DJ","Eliminator Stealth Spot","18.8","13","16","2.8","Nearest size is 2.8 mm under the holder",""
"American DJ","Encore Profile 1000","61","51","53.3","7.7","Nearest size is 7.7 mm under the holder","GoboPlus lists image 49.5mm - verify."
"American DJ","Encore Profile Mini - Glass Gobos","39.5","31","37.5","2","Nearest size is 2 mm under the holder",""
"American DJ","Encore Profile Mini - Metal Gobos","45","31","44","1","Nearest size is 1 mm under the holder",""
"American DJ","Encore Profile Pro Color - Glass Gobo","78","68","70","8","Nearest size is 8 mm under the holder","2mm Maximum Thickness."
"American DJ","Encore Profile Pro Color - Metal Gobo","88","68","86","2","Nearest size is 2 mm under the holder",""
"American DJ","Fantasy 250","32.6","30.4","31.5","1.1","Nearest size is 1.1 mm under the holder",""
"American DJ","Fantasy Scan 250","25","20","25","0","",""
"American DJ","Focus Hybrid","16.5","9","16","0.5","",""
"American DJ","Focus Profile","23","19","22.5","0.5","",""
"American DJ","Focus Spot 2X","23","19","22.5","0.5","","Metal gobos only. GoboPlus lists glass 23.8mm (metal ring); image 15mm - verify."
"American DJ","Focus Spot 3Z","23.8","20","23.7","0.1","",""
"American DJ","Focus Spot 4Z","22.5","19","22.5","0","","2mm Maximum Thickness."
"American DJ","Focus Spot 5Z","23","19","22.5","0.5","","3.3mm Maximum Thickness."
"American DJ","Focus Spot 7z","23","19","22.5","0.5","","Glass gobos only."
"American DJ","Focus Spot Five Z","23","19","22.5","0.5","","Metal gobo."
"American DJ","Focus Spot Four Z","23","19","22.5","0.5","","Metal gobo."
"American DJ","Focus Spot Four Z Pearl","23","19","22.5","0.5","",""
"American DJ","Focus Spot One","23.8","19","23.7","0.1","","Metal gobos only."
"American DJ","Focus Spot Six Z","23","19","22.5","0.5","","Metal gobo."
"American DJ","Focus Spot Three Z","23.8","20","23.7","0.1","","Glass gobo."
"American DJ","Focus Spot Two","23.8","19","23.7","0.1","","Metal gobos only."
"American DJ","Focus Spot Two Z","23.8","19","23.7","0.1","","Glass gobo."
"American DJ","FS600LED","27","23","26.5","0.5","",""
"American DJ","Gobo Motion LED","20.5","12","20","0.5","",""
"American DJ","Gobo Projector IR","26.8","22","26.5","0.3","",""
"American DJ","Gobo Projector LED","26.8","24","26.5","0.3","",""
"American DJ","Gobo Projector LED 10W","26.8","22","26.5","0.3","",""
"American DJ","Gobo Spot","37","25","35.3","1.7","Nearest size is 1.7 mm under the holder",""
"American DJ","GP 250 Gobo Projector","32","25","31.5","0.5","",""
"American DJ","Hydro Beam X2","9.8","6.5","","","No production size at or below 9.8 mm",""
"American DJ","Hydro Hybrid","17","12","16","1","Nearest size is 1 mm under the holder","Glass gobos only."
"American DJ","Hydro Profile","23","19","22.5","0.5","",""
"American DJ","Hydro Spot 1","23","19","22.5","0.5","",""
"American DJ","Hydro Spot 2","23","19","22.5","0.5","",""
"American DJ","Icon","26","20","25.5","0.5","",""
"American DJ","Ikon IR","54","39.75","53.3","0.7","",""
"American DJ","Ikon IR LED","54","38","53.3","0.7","",""
"American DJ","Ikon IR LED - Glass Gobo","50","38","50","0","","Donut/bezel mount. 54 mm donut, 50 mm glass."
"American DJ","Ikon LED","54","36","53.3","0.7","","GoboPlus lists image 33mm - verify."
"American DJ","Ikon Profile","26.8","24","26.5","0.3","",""
"American DJ","Ikon Profile GOBO Projector","26.8","22","26.5","0.3","",""
"American DJ","Ikon Profile Plus Gobo Projector","26.8","24","26.5","0.3","",""
"American DJ","Image 250","53.3","28","53.3","0","",""
"American DJ","Inno Roll HP","23.8","19","23.7","0.1","",""
"American DJ","Inno Scan HP","23.8","19","23.7","0.1","",""
"American DJ","Inno Spot ELITE","27","22","26.5","0.5","","1.1mm Maximum Thickness."
"American DJ","Inno Spot LED","23.8","19","23.7","0.1","","Metal gobos only."
"American DJ","Inno Spot PRO","24","20","23.7","0.3","","1.1mm Maximum Thickness."
"American DJ","PinPoint Gobo","25.8","19","25.5","0.3","","1mm Maximum Thickness."
"American DJ","Pinpoint Gobo Projector","25.8","19","25.5","0.3","","Metal gobo."
"American DJ","Pocket Pro","18.4","13","16","2.4","Nearest size is 2.4 mm under the holder","Metal gobos only."
"American DJ","Pocket Pro Pearl","18.4","13","16","2.4","Nearest size is 2.4 mm under the holder",""
"American DJ","Pocket Pro Pearl - High Res Glass Gobo","18.4","13","16","2.4","Nearest size is 2.4 mm under the holder",""
"American DJ","Pro Pearl","24","20","23.7","0.3","",""
"American DJ","Quad Scan Pro","20.5","12","20","0.5","",""
"American DJ","Quick Scan","21.7","17","21.4","0.3","",""
"American DJ","Roto Gobo","26","22","25.5","0.5","",""
"American DJ","Ultra Scan","16","13","16","0","",""
"American DJ","Vizi BSW 300","26.9","18","26.5","0.4","","1.1mm Maximum Thickness."
"American DJ","Vizi CMY300","26.8","20","26.5","0.3","",""
"American DJ","Vizi CMY 16RX","15.8","12","","","No production size at or below 15.8 mm",""
"American DJ","Vizi Hybrid 16RX","12","7","","","No production size at or below 12 mm",""
"American DJ","Vizi Hybrid 16RX - High Res Glass Gobos Only","12","7","","","No production size at or below 12 mm",""
"American DJ","Vizi Scan LED","27","22","26.5","0.5","",""
"American DJ","Vizi Spot 5R","14","8","","","No production size at or below 14 mm",""
"American DJ","Vizi Spot LED Pro","27","25","26.5","0.5","","2mm Maximum Thickness. GoboPlus lists image 22mm - verify."
"American DJ","Vizi Spot Pro","26.6","23.8","26.5","0.1","",""
"American DJ","Whirl","26","20","25.5","0.5","",""
"American DJ","X Move 25R","23.8","19","23.7","0.1","",""
"American DJ","X Scan LED Plus","26.7","22","26.5","0.2","",""
"American DJ","X-Color LED / LED+","22.5","17","22.5","0","",""
"American DJ","X-Move LED 25R","23.8","19","23.7","0.1","","Metal gobos only."
"Amptown","PML","37.5","28","37.5","0","",""
"Anolis","ArcSpot Recessed 170","26.8","22.5","26.5","0.3","",""
"Ansorg","Camera","53.3","40","53.3","0","",""
"Aputure","Mini Zoom","65.5","49.5","53.3","12.2","Nearest size is 12.2 mm under the holder",""
"Aputure","Spotlight","86","64.5","86","0","",""
"Aputure","Spotlight Max","100","75","100","0","",""
"Aputure","Spotlight SE","65.5","49.5","53.3","12.2","Nearest size is 12.2 mm under the holder",""
"Arri","Orbiter Projection Optics","86","64","86","0","","GoboPlus lists image 64.5mm - verify."
"Arri","Pocket Par","66","49","66","0","","GoboPlus lists glass M-65.5mm; image 49.5mm - verify."
"Astera LED","Pluto Projection Lens","37.5","28","37.5","0","",""
"Avance Luz","Graphic","65.5","49.5","53.3","12.2","Nearest size is 12.2 mm under the holder",""
"AVR","LP50","37.5","28","37.5","0","",""
"Ayrton","Bora","34.3","25","33.8","0.5","","Cannot manufacture - ran to 600ºC"
"Ayrton","Cobra","6.9","4","","","No production size at or below 6.9 mm","Metal gobos only."
"Ayrton","Diablo","25","19","25","0","","Known Users of 25mm: DBN Audile, Production Plus Singapore GoboPlus lists glass 25.5mm; image 20mm - verify."
"Ayrton","Diablo","25.5","19","25.5","0","","Known Users of 25.5mm: Adlib, Sterling Event Group, Ingenius, Focus Productions GoboPlus lists glass 25.5mm; image 20mm - verify."
"Ayrton","Domino","30","25","29.9","0.1","","Glass gobos only. 1.1mm Maximum Thickness."
"Ayrton","Domino LT","30","25","29.9","0.1","","2.2mm Maximum Thickness."
"Ayrton","Domino Profile","30","25","29.9","0.1","","2.2mm Maximum Thickness."
"Ayrton","Domino Wash","30","25","29.9","0.1","","1.1mm Maximum Thickness."
"Ayrton","Eurus","27","22","26.5","0.5","","Glass gobos only. 2.2mm Maximum Thickness."
"Ayrton","Eurus Profile","27","22","26.5","0.5","","1.1mm Maximum Thickness."
"Ayrton","Ghibli","30","22","29.9","0.1","","1.1mm Maximum Thickness."
"Ayrton","Huracan LT","30","25","29.9","0.1","","2.2mm Maximum Thickness."
"Ayrton","Huracan Profile","30","25","29.9","0.1","","2.2mm Maximum Thickness."
"Ayrton","Huracan Wash","30","25","29.9","0.1","","1.1mm Maximum Thickness."
"Ayrton","Huracán-X","30","25","29.9","0.1","","Glass gobos only. 2.2mm Maximum Thickness."
"Ayrton","Karif LT","18","13","16","2","Nearest size is 2 mm under the holder","No glass size available."
"Ayrton","Khamsin","34","24","33.8","0.2","","1.1mm Maximum Thickness."
"Ayrton","Khamsin-S Glass Only","34","24","33.8","0.2","",""
"Ayrton","Levante","25.5","19","25.5","0","","0.5mm Maximum Thickness"
"Ayrton","Mistral","25.5","19","25.5","0","","2.2mm Maximum Thickness (Rotating Wheel). 1.1mm Maximum Thickness (Static). GoboPlus lists image 20mm - verify."
"Ayrton","Perseo","27","22","26.5","0.5","","Glass gobos only. 2.2mm Maximum Thickness."
"Ayrton","Perseo Beam","18","12","16","2","Nearest size is 2 mm under the holder","No glass size available."
"Ayrton","Perseo Profile","27","22","26.5","0.5","","Rotating Wheel Only. 2.2mm Maximum Thickness."
"Ayrton","Rivale","25.5","18","25.5","0","","Glass gobos only."
"Ayrton","Stradale Profile","18","13","16","2","Nearest size is 2 mm under the holder","1.1mm Maximum Thickness."
"Ayrton","Stradale Profile S","17.2","13","16","1.2","Nearest size is 1.2 mm under the holder","1.1mm Maximum Thickness."
"Ayrton","Veloce","30","19","29.9","0.1","","Special Shape Glass."
"Basso","V1 Display / VI","58","38","53.3","4.7","Nearest size is 4.7 mm under the holder",""
"Beamz","Ignite60","19","14","16","3","Nearest size is 3 mm under the holder",""
"Beamz","IGNITE300","26","19","25.5","0.5","",""
"Beamz","Ignite 400","19.58","14","16","3.58","Nearest size is 3.58 mm under the holder",""
"Beamz","LP10","25.8","19","25.5","0.3","",""
"Bega","84967","37.5","28","37.5","0","",""
"Bega","84968","37.5","28","37.5","0","",""
"Bega","84969","66","48","66","0","",""
"Bega","84970","66","48","66","0","",""
"Bega","84971","37.5","28","37.5","0","",""
"Bega","84972","37.5","28","37.5","0","",""
"Bega","84973","66","48","66","0","",""
"Bega","84974","66","48","66","0","",""
"Berkey Colortran","Color Arc","65.5","49.5","53.3","12.2","Nearest size is 12.2 mm under the holder","Gobo holder: GH28 metal."
"Berkey Colortran","Ellipsoidal","100","75","100","0","","Gobo holder: GH16 metal."
"Berkey Colortran","Ellipsoidal","86","64.5","86","0","","Gobo holder: GH17 metal."
"Berkey Colortran","Mini Ellipse","100","75","100","0","","Gobo holder: GH18 metal / GH20 glass."
"Berkey Colortran","Mini Ellipse","86","64.5","86","0","","Gobo holder: GH19 metal."
"Betopper","BSW200","22","17","21.4","0.6","",""
"Blackhawk","SA022 575W MSR Spot","32","28","31.5","0.5","",""
"Blizzard Lighting","G70","31.9","0","31.5","0.4","","No glass size available. Image area unknown."
"Blizzard Lighting","G-Max150","24.9","0","23.7","1.2","Nearest size is 1.2 mm under the holder","No glass size available. Image area unknown."
"Blizzard Lighting","G-Mix 200","22.9","20","22.5","0.4","","2.2mm Maximum Thickness."
"Blizzard Lighting","Kryo.Mix CMY","9.9","5.5","","","No production size at or below 9.9 mm","No glass size available."
"Blizzard Lighting","Torrent FZ","26.9","24","26.5","0.4","",""
"Blizzard Lighting","Turbo Scan","24.8","17.5","23.7","1.1","Nearest size is 1.1 mm under the holder","No glass size available."
"Blizzard Lighting","Verismo™ Profile RGBALC","86","64.5","86","0","",""
"Bowens","1.5K Spotlight","100","75","100","0","","Gobo holder: Discontinued."
"Bowens","1.5K Spotlight","86","64.5","86","0","","Gobo holder: Discontinued."
"Bowens","1.5K Spotlight","65.5","49.5","53.3","12.2","Nearest size is 12.2 mm under the holder","Gobo holder: Discontinued."
"Bowens","Monospot","100","75","100","0","","Gobo holder: Discontinued."
"Bowens","Monospot","86","64.5","86","0","","Gobo holder: Discontinued."
"Bowens","Monospot","65.5","49.5","53.3","12.2","Nearest size is 12.2 mm under the holder","Gobo holder: Discontinued."
"Bowens","Quad Spotlight","100","75","100","0","","Gobo holder: Discontinued."
"Bowens","Quad Spotlight","86","64.5","86","0","","Gobo holder: Discontinued."
"Bowens","Quad Spotlight","65.5","49.5","53.3","12.2","Nearest size is 12.2 mm under the holder","Gobo holder: Discontinued."
"Bowens","Universal Spot Attachment","65.5","49.5","53.3","12.2","Nearest size is 12.2 mm under the holder",""
"Brightlight","Indigo LED 150","27","23","26.5","0.5","",""
"Briteq","BT60 LS","26.8","22","26.5","0.3","",""
"Briteq","BT Beam 60 and 70","23.8","19","23.7","0.1","",""
"Briteq","BT Meteor 100W","22.9","19","22.5","0.4","",""
"Briteq","BT Profile 160","86","48","86","0","",""
"Briteq","BT Profile 250","86","48","86","0","",""
"Briteq","BT Profile Compact","38","25","37.5","0.5","",""
"Briteq","BT Shark","22.9","18","22.5","0.4","",""
"Briteq","BTI-BLIZZARD BSW2","23.2","13.5","22.5","0.7","","Glass gobos only. 1.1mm Maximum Thickness."
"Briteq","BTI-BLIZZARD PROFILE","22.9","19.5","22.5","0.4","","Glass gobos only. 1.1mm Maximum Thickness."
"Briteq","BTX 180LS","26.8","22","26.5","0.3","",""
"Briteq","BTX Saturn","26.8","22","26.5","0.3","",""
"Briteq","BTX Supreme","17","12","16","1","Nearest size is 1 mm under the holder","Glass gobos only."
"Briteq","BTX Titan","15.8","12.5","","","No production size at or below 15.8 mm","Glass gobos only."
"Broncolor","Profile 11/26","100","75","100","0","",""
"Broncolor","Pulsar Spot 4","100","75","100","0","",""
"Broncolor","Pulso Spot 4","100","75","100","0","",""
"Broncolor","Pulso Spot 4","86","64.5","86","0","",""
"Cameo","Auro Spot 200","22.9","19","22.5","0.4","",""
"Cameo","AURO Spot Z300","23","19","22.5","0.5","","Metal gobos only."
"Cameo","AZOR S2","16.5","10.5","16","0.5","","High-temperature glass gobos only."
"Cameo","Evos S3","26.9","22","26.5","0.4","","2.2mm Maximum Thickness."
"Cameo","OPUS SP5 PLUS","22.9","19","22.5","0.4","","High-temperature glass gobos only."
"Cameo","OPUS X4 Profile","30","25","29.9","0.1","","High-temperature glass gobos only."
"Cameo","OPUS X Profile","30","25","29.9","0.1","","High-temperature glass gobos only."
"Cameo","OPUS® H5 Beam Spot Wash Hybrid Moving Head","17","11","16","1","Nearest size is 1 mm under the holder","High-temperature glass gobos only."
"Cameo","OPUS® S5 Beam Spot Wash Hybrid Moving Head","22.9","19","22.5","0.4","","High-temperature glass gobos only."
"Cameo","OPUS® SP5 FC Profile Moving Head","29.9","25","29.9","0","","High-temperature glass gobos only."
"Cameo","OPUS® SP5 Profile Moving Head","22.9","19","22.5","0.4","","High-temperature glass gobos only."
"Cameo","OTOS® H5 Beam Spot Wash Hybrid Moving Head IP65","15.9","12","","","No production size at or below 15.9 mm","Glass gobos only."
"Cameo","OTOS® SP6 (Rotating Wheel)","23","19","22.5","0.5","","Glass gobos only."
"CCT","Freedom","100","75","100","0","","Gobo holder: GH01 metal / GH02 glass."
"CCT","Freedom","86","64.5","86","0","","Gobo holder: GH03 metal / GH38 glass."
"CCT","Helios","65.5","49.5","53.3","12.2","Nearest size is 12.2 mm under the holder","Gobo holder: GH15 metal / GH55 glass."
"CCT","Minuette","65.5","49.5","53.3","12.2","Nearest size is 12.2 mm under the holder","Gobo holder: GH15 metal / GH55 glass."
"CCT","Project","100","75","100","0","","Gobo holder: GH01 metal / GH02 glass."
"CCT","Project","86","64.5","86","0","","Gobo holder: GH03 metal / GH38 glass."
"CCT","Silhouette","100","75","100","0","","Gobo holder: GH01 metal / GH02 glass."
"CCT","Silhouette","86","64.5","86","0","","Gobo holder: GH03 metal / GH38 glass."
"Chauvet","Blazor","18.5","10","16","2.5","Nearest size is 2.5 mm under the holder","0.27mm Maximum Thickness."
"Chauvet","DJ Gobo Shot","36","21","35.3","0.7","",""
"Chauvet","DMX 690","23.7","17.5","23.7","0","","Monochrome glass gobos only."
"Chauvet","DMX 5000 Moving Head","31","21","30.8","0.2","",""
"Chauvet","EVE E-50Z","53.3","43","53.3","0","","2mm Maximum Thickness. GoboPlus lists image 40mm - verify."
"Chauvet","EVE E-100Z","66","48","66","0","","2mm Maximum Thickness. GoboPlus lists glass M-65.5mm/2mm Maximum Thickness; image 45mm - verify."
"Chauvet","EZGobo","25.8","18.6","25.5","0.3","",""
"Chauvet","EZGobo glass","25.8","17","25.5","0.3","",""
"Chauvet","EZGobo metal","25.8","18","25.5","0.3","",""
"Chauvet","Followspot 75ST","23.7","20","23.7","0","",""
"Chauvet","Followspot 400G TFX-FS360","35.8","27.8","35.3","0.5","",""
"Chauvet","Freedom Gobo IP","37.5","24","37.5","0","","1.0mm Maximum Thickness."
"Chauvet","Freedom IP","37.5","24","37.5","0","",""
"Chauvet","Gobo Shot 50W IRC","53","40","50","3","Nearest size is 3 mm under the holder",""
"Chauvet","Gobo Shot IRC","53.3","40","53.3","0","",""
"Chauvet","Gobo Zoom 2","37.5","22","37.5","0","",""
"Chauvet","Gobo Zoom LED","28.8","24.3","27.8","1","Nearest size is 1 mm under the holder",""
"Chauvet","Gobo Zoom LED 2.0","28.6","26","27.8","0.8","","1mm Maximum Thickness."
"Chauvet","Gobo Zoom LED, LED 2","28.6","20","27.8","0.8","","Gobo holder: Gobo clips mask image reduce to 20mm / Dichroic glass max 20mm."
"Chauvet","Gobo Zoom USB","25.7","19.3","25.5","0.2","","GoboPlus lists image 17mm - verify."
"Chauvet","ILS 515DMR","26.8","21","26.5","0.3","",""
"Chauvet","ILS 515M","27","19","26.5","0.5","",""
"Chauvet","ILS 606DBR","27","19","26.5","0.5","",""
"Chauvet","ILS 606DSR","27","19","26.5","0.5","",""
"Chauvet","ILS 625DCR","27","19","26.5","0.5","",""
"Chauvet","Intimidator 360X IP","24","20","23.7","0.3","",""
"Chauvet","Intimidator Barrel 300 LED, 305 IRC","23.8","20","23.7","0.1","",""
"Chauvet","Intimidator Barrel 305 IRC","23.9","20.5","23.7","0.2","",""
"Chauvet","Intimidator Barrel LED 300","23.8","20.9","23.7","0.1","",""
"Chauvet","Intimidator Hybrid 140SR","13.7","11","","","No production size at or below 13.7 mm","1mm Maximum Thickness."
"Chauvet","Intimidator Scan 300 LED, 305 IRC","23.8","20","23.7","0.1","",""
"Chauvet","Intimidator Scan 305 IRC","23.9","20.5","23.7","0.2","",""
"Chauvet","Intimidator Scan 360","19.75","14","16","3.75","Nearest size is 3.75 mm under the holder",""
"Chauvet","Intimidator Scan LED 300","23.8","20.9","23.7","0.1","",""
"Chauvet","Intimidator Spot 2.0 HTI","23.5","17.5","22.5","1","Nearest size is 1 mm under the holder",""
"Chauvet","Intimidator Spot 60 ILS","24","20","23.7","0.3","","1.1mm Maximum Thickness."
"Chauvet","Intimidator Spot 250","26.7","24.5","26.5","0.2","","2.5mm Maximum Thickness. GoboPlus lists image 22mm - verify."
"Chauvet","Intimidator Spot 255","24","20","23.7","0.3","","1.1mm Maximum Thickness."
"Chauvet","Intimidator Spot 260","24","20","23.7","0.3","","1.1mm Maximum Thickness."
"Chauvet","Intimidator Spot 260X","24","20","23.7","0.3","","1.1mm Maximum Thickness."
"Chauvet","Intimidator Spot 355/355Z","24","20","23.7","0.3","","1.1mm Maximum Thickness."
"Chauvet","Intimidator Spot 360","24","20","23.7","0.3","","1.1mm Maximum Thickness."
"Chauvet","Intimidator Spot 360X","24","20","23.7","0.3","","Glass gobos only. 1.1mm Maximum Thickness."
"Chauvet","Intimidator Spot 375Z","24","20","23.7","0.3","","1.1mm Maximum Thickness."
"Chauvet","Intimidator Spot 375Z IRC","24","20","23.7","0.3","",""
"Chauvet","Intimidator Spot 375ZX","24","19","23.7","0.3","","Glass gobos only. 1.1mm Maximum Thickness."
"Chauvet","Intimidator Spot 400 IRC","26.7","23","26.5","0.2","","1mm Maximum Thickness."
"Chauvet","Intimidator Spot 450 LED","26.75","23","26.5","0.25","",""
"Chauvet","Intimidator Spot 455 IRC","25.9","20","25.5","0.4","",""
"Chauvet","Intimidator Spot 455Z","25.9","21","25.5","0.4","","1mm Maximum Thickness."
"Chauvet","Intimidator Spot 475 IRC","25.7","21","25.5","0.2","",""
"Chauvet","Intimidator Spot 475Z","25.7","21","25.5","0.2","","1.3mm Maximum Thickness."
"Chauvet","Intimidator Spot 475ZX","25.7","21","25.5","0.2","","Glass gobos only. 1.3mm Maximum Thickness."
"Chauvet","Intimidator Spot LED 250","24","20","23.7","0.3","",""
"Chauvet","Intimidator Spot LED 250, 255 IRC, 350, 355Z, 355 IRC","24","19","23.7","0.3","",""
"Chauvet","Intimidator Spot LED 350","24","20","23.7","0.3","",""
"Chauvet","Intimidator Spot LED 450","26.75","23","26.5","0.25","","3mm Maximum Thickness."
"Chauvet","Intimidator Spot XYZ","23.8","20","23.7","0.1","",""
"Chauvet","Intimidator Spro 400 IRC","26.7","23","26.5","0.2","",""
"Chauvet","LED Followspot 75ST","23.7","21.3","23.7","0","",""
"Chauvet","Legend 150 R","26.5","21","26.5","0","",""
"Chauvet","Legend 250 RX","26.5","19","26.5","0","",""
"Chauvet","Legend 300E Spot","26.8","23.9","26.5","0.3","",""
"Chauvet","Legend 330SR Spot","17.8","14","16","1.8","Nearest size is 1.8 mm under the holder","1.3mm Maximum Thickness. GoboPlus lists image 11mm - verify."
"Chauvet","Legend 550","26.7","22","26.5","0.2","",""
"Chauvet","Legend 1200E Spot","37.3","30","35.3","2","Nearest size is 2 mm under the holder",""
"Chauvet","Legend 2000","31","20","30.8","0.2","",""
"Chauvet","Legend 3000","31","24","30.8","0.2","",""
"Chauvet","Legend 3000X","29","24","27.8","1.2","Nearest size is 1.2 mm under the holder","Needs Chauvet gobo holder (Cannot Supply)."
"Chauvet","Legend 5000","29","24","27.8","1.2","Nearest size is 1.2 mm under the holder","Needs Chauvet gobo holder (Cannot Supply)."
"Chauvet","Legend 5000X","29","24","27.8","1.2","Nearest size is 1.2 mm under the holder","Needs Chauvet gobo holder (Cannot Supply). GoboPlus lists glass 31mm - verify."
"Chauvet","LFS 5, 5D","25.4","18","25","0.4","",""
"Chauvet","LFS-5D","25.4","19","25","0.4","","1mm Maximum Thickness."
"Chauvet","LFS-75DMX","40","18","37.5","2.5","Nearest size is 2.5 mm under the holder","1mm Maximum Thickness."
"Chauvet","Maverick Force 1 Spot","25.5","20","25.5","0","","1.1mm Maximum Thickness."
"Chauvet","Maverick Force 2 Profile - Glass Gobos Only","25.5","20","25.5","0","",""
"Chauvet","Maverick Force 2 Profile - Glass Gobos Only","25.5","18.5","25.5","0","",""
"Chauvet","Maverick Force 2 SoloWash","28","22","27.8","0.2","",""
"Chauvet","Maverick Force 3 Profile","27","22","26.5","0.5","",""
"Chauvet","Maverick Force S Profile","25.5","17","25.5","0","","High-temperature glass gobos only."
"Chauvet","Maverick Force S Spot","25.5","17.5","25.5","0","","High-temperature glass gobos only."
"Chauvet","Maverick MK1 Hybrid","22","13","21.4","0.6","","1.1mm Maximum Thickness."
"Chauvet","Maverick MK1 Spot","26","22","25.5","0.5","","1.2mm Maximum Thickness."
"Chauvet","Maverick MK2 Profile","32","26","31.5","0.5","","1.1mm Maximum Thickness. GoboPlus lists image 25mm - verify."
"Chauvet","Maverick MK2 Spot","32","28","31.5","0.5","","3.3mm Maximum Thickness. GoboPlus lists image 25mm - verify."
"Chauvet","Maverick MK3 Profile","32","28","31.5","0.5","","GoboPlus lists glass 30mm/1.1mm Maximum Thickness; image 23mm - verify."
"Chauvet","Maverick MK3 Profile CX","30","23","29.9","0.1","","Glass gobos only."
"Chauvet","Maverick MK3 Spot","30","21","29.9","0.1","","1.1mm Maximum Thickness. GoboPlus lists image 23mm - verify."
"Chauvet","Maverick Silens 1X Profile","22.9","15","22.5","0.4","",""
"Chauvet","Maverick Silens 2X Profile","26.9","22","26.5","0.4","",""
"Chauvet","Maverick Storm 1 Flex","23.9","17","23.7","0.2","","Glass gobos only."
"Chauvet","Maverick Storm 1 Hybrid","16","10","16","0","","Glass gobos only."
"Chauvet","Maverick Storm 1 Spot","30","25","29.9","0.1","","1.1mm Maximum Thickness."
"Chauvet","Maverick Storm 2 Profile","25.5","18","25.5","0","","Glass gobos only."
"Chauvet","Maverick Storm 4 Profile","30","25","29.9","0.1","","1.1mm Maximum Thickness."
"Chauvet","Maverick Storm 4 SoloWash","30","26","29.9","0.1","","0.6mm Maximum Thickness."
"Chauvet","Obsession","18.6","12","16","2.6","Nearest size is 2.6 mm under the holder",""
"Chauvet","Obsession HP","18.5","12","16","2.5","Nearest size is 2.5 mm under the holder",""
"Chauvet","Outcast R3 Spot","25.5","14.8","25.5","0","","2.2mm Maximum Thickness. (Rotating Wheel only)"
"Chauvet","Ovation E 190, ED 190","94","68","86","8","Nearest size is 8 mm under the holder",""
"Chauvet","Ovation E 190, ED 190","86","64.5","86","0","",""
"Chauvet","Ovation E-2 FC","65.5","48","53.3","12.2","Nearest size is 12.2 mm under the holder",""
"Chauvet","Ovation E-4WW IP","86","64.5","86","0","",""
"Chauvet","Ovation E-260WW","86","64.5","86","0","",""
"Chauvet","Ovation E-910FC","86","64.5","86","0","",""
"Chauvet","Ovation ETD-40WW","37.5","20","37.5","0","","1mm Maximum Thickness."
"Chauvet","Ovation Min-E-10","37.5","28","37.5","0","","1mm Maximum Thickness."
"Chauvet","Ovation Mini E 10 - Glass","37.5","20","37.5","0","",""
"Chauvet","Ovation Mini E 10 - Metal","37.5","28","37.5","0","",""
"Chauvet","Ovation Reve E 3 IP","86","64.5","86","0","",""
"Chauvet","Q Spot 460","32.7","31","32.7","0","",""
"Chauvet","Q Spot 560","32.5","27","31.5","1","Nearest size is 1 mm under the holder",""
"Chauvet","Q-Scan 150","27.7","21.5","26.5","1.2","Nearest size is 1.2 mm under the holder",""
"Chauvet","Q-Scan 250","27.7","21.5","26.5","1.2","Nearest size is 1.2 mm under the holder",""
"Chauvet","Q-Spot","27","19","26.5","0.5","",""
"Chauvet","Q-Spot 150","27","19","26.5","0.5","",""
"Chauvet","Q-Spot 150 LED","25.7","18","25.5","0.2","","1.2mm Maximum Thickness."
"Chauvet","Q-Spot 152","25","21","25","0","",""
"Chauvet","Q-Spot 160 LED","25.8","18.2","25.5","0.3","","1.2mm Maximum Thickness."
"Chauvet","Q-Spot 200","25.6","20.5","25.5","0.1","","GoboPlus lists image 20mm - verify."
"Chauvet","Q-Spot 250","37.2","30","35.3","1.9","Nearest size is 1.9 mm under the holder","GoboPlus lists image 31mm - verify."
"Chauvet","Q-Spot 260 LED","25.95","19","25.5","0.45","","1.1mm Maximum Thickness. GoboPlus lists image 20mm - verify."
"Chauvet","Q-Spot 300","37","28","35.3","1.7","Nearest size is 1.7 mm under the holder",""
"Chauvet","Q-Spot 560 LED","32.5","27","31.5","1","Nearest size is 1 mm under the holder","1mm Maximum Thickness."
"Chauvet","Q-Spot 575","31","22.5","30.8","0.2","","GoboPlus lists image 21mm - verify."
"Chauvet","Rogue Outcast 1 Hybrid","15.9","12","","","No production size at or below 15.9 mm","Glass gobos only. 1.1mm Maximum Thickness."
"Chauvet","Rogue Outcast 1L Beam","9.8","5","","","No production size at or below 9.8 mm","Metal gobos only."
"Chauvet","Rogue Outcast 2 Hybrid","16","12","16","0","",""
"Chauvet","Rogue Outcast 3 Spot","25.5","14.8","25.5","0","","Glass gobos only."
"Chauvet","Rogue R1 Spot","25","23","25","0","","3mm Maximum Thickness. Needs Special Holder."
"Chauvet","Rogue R1 Spot Glass","25.9","22.5","25.5","0.4","",""
"Chauvet","Rogue R1 Spot Metal","26.8","22","26.5","0.3","","Gobo wheel 1 : Positions 1, 2, 3, 4 & 7 METAL."
"Chauvet","Rogue R1E Spot","20","16","20","0","",""
"Chauvet","Rogue R1X Spot","25","23","25","0","","3mm Maximum Thickness. Needs Special Holder. GoboPlus lists glass 26.9mm; image 22.5mm - Gobo Wheel 1 (rotating): Positions 1, 2, 3, 4, and 7 - verify."
"Chauvet","Rogue R2 Spot","27","24","26.5","0.5","","3mm Maximum Thickness. Needs Special Holder."
"Chauvet","Rogue R2 Spot Glass","27","24","26.5","0.5","","Gobo Wheel 1 (rotating): Position 5 and 6."
"Chauvet","Rogue R2 Spot Metal","28.8","23.8","27.8","1","Nearest size is 1 mm under the holder","Gobo Wheel 1 (rotating): Position 1, 2, 3, 4, and 7."
"Chauvet","Rogue R2E Spot","20","16","20","0","","1.5mm Maximum Thickness."
"Chauvet","Rogue R2X Spot","29","27.5","27.8","1.2","Nearest size is 1.2 mm under the holder","Metal gobos only. GoboPlus lists glass 27mm; image 23.8mm - Gobo Wheel 1 (rotating): Positions 1, 2, 3, 4, and 7; image 24mm - Gobo Wheel 1: Positions 5 and 6 - verify."
"Chauvet","Rogue R3 Spot","27","24","26.5","0.5","","3mm Maximum Thickness. Needs Special Holder. GoboPlus lists glass 28.8mm - verify."
"Chauvet","Rogue R3E Spot","20","16","20","0","","1.5mm Maximum Thickness."
"Chauvet","Rogue RH1 Hybrid","15.6","14.4","","","No production size at or below 15.6 mm","1.1mm Maximum Thickness. GoboPlus lists image 12mm - verify."
"Chauvet","Scanner ZX30 RG","25","18","25","0","",""
"Chauvet","SX - Gobo","51","40.5","50","1","Nearest size is 1 mm under the holder","4mm Maximum Thickness. GoboPlus lists image 40mm - verify."
"Chauvet","Trackscan 250 R","26.8","18","26.5","0.3","",""
"Chauvet","Well Gobo","37.5","24","37.5","0","","1.1mm Maximum Thickness."
"Cindy","X250","23.7","18","23.7","0","",""
"Clay Paky","Alpha Beam 300","31.5","23","31.5","0","","Gobo holder: Fixed."
"Clay Paky","Alpha Beam 700 (fixed)","31.5","23","31.5","0","",""
"Clay Paky","Alpha Beam 700 (rotating)","25.7","23","25.5","0.2","",""
"Clay Paky","Alpha Beam 700, HPE 700","31.5","23","31.5","0","","Gobo holder: Fixed."
"Clay Paky","Alpha Beam 700, HPE 700","25.7","23","25.5","0.2","","Gobo holder: Rotating."
"Clay Paky","Alpha Beam 1500","31.5","23","31.5","0","","Gobo holder: Fixed."
"Clay Paky","Alpha Beam 1500","37.4","25","35.3","2.1","Nearest size is 2.1 mm under the holder","Gobo holder: Rotating."
"Clay Paky","Alpha Beam 1500 (fixed)","31.5","23","31.5","0","",""
"Clay Paky","Alpha Beam 1500 (rotating)","37.4","25","35.3","2.1","Nearest size is 2.1 mm under the holder",""
"Clay Paky","Alpha Profile 700","25.7","20.5","25.5","0.2","",""
"Clay Paky","Alpha Profile 700, 700 ST, 800 ST","25.7","19","25.5","0.2","","Gobo holder: Rotating."
"Clay Paky","Alpha Profile 800 ST","25.7","20.5","25.5","0.2","",""
"Clay Paky","Alpha Profile 1200 (fixed)","31.5","23","31.5","0","",""
"Clay Paky","Alpha Profile 1200 (rotating)","37.5","25","37.5","0","",""
"Clay Paky","Alpha Profile 1200, 1500","31.5","25","31.5","0","","Gobo holder: Fixed."
"Clay Paky","Alpha Profile 1200, 1500","37.5","25","37.5","0","","Gobo holder: Rotating."
"Clay Paky","Alpha Profile 1500 (fixed)","31.5","23","31.5","0","",""
"Clay Paky","Alpha Profile 1500 (rotating)","37.5","25","37.5","0","",""
"Clay Paky","Alpha Spot 300 (fixed)","31.5","25","31.5","0","",""
"Clay Paky","Alpha Spot 300 (rotating)","25.7","23","25.5","0.2","",""
"Clay Paky","Alpha Spot 300, HPE 300","31.5","25","31.5","0","","Gobo holder: Fixed."
"Clay Paky","Alpha Spot 300, HPE 300","25.7","23","25.5","0.2","","Gobo holder: Rotating."
"Clay Paky","Alpha Spot 575","37.5","25","37.5","0","",""
"Clay Paky","Alpha Spot 575, HPE 500","37.5","25","37.5","0","","Gobo holder: Fixed and Rotating."
"Clay Paky","Alpha Spot 700 (fixed)","31.5","25","31.5","0","",""
"Clay Paky","Alpha Spot 700 (rotating)","37.5","25","37.5","0","",""
"Clay Paky","Alpha Spot 700, HPE 700","25.7","23","25.5","0.2","",""
"Clay Paky","Alpha Spot 1200","31.5","25","31.5","0","","Gobo holder: Fixed."
"Clay Paky","Alpha Spot 1200","37.5","25","37.5","0","","Gobo holder: Rotating."
"Clay Paky","Alpha Spot Easy 1200","37.5","25","37.5","0","","GoboPlus lists glass 31.5mm; image 28mm - verify."
"Clay Paky","Alpha Spot HPE 300 (fixed)","31.5","25","31.5","0","",""
"Clay Paky","Alpha Spot HPE 300 (rotating)","25.7","23","25.5","0.2","",""
"Clay Paky","Alpha Spot HPE 575","37.5","25","37.5","0","",""
"Clay Paky","Alpha Spot HPE 700 (fixed)","31.5","23","31.5","0","",""
"Clay Paky","Alpha Spot HPE 700 (rotating)","25.7","23","25.5","0.2","",""
"Clay Paky","Alpha Spot HPE 1200","37.5","25","37.5","0","",""
"Clay Paky","Alpha Spot HPE 1200, 1500","31.5","25","31.5","0","","Gobo holder: Fixed."
"Clay Paky","Alpha Spot HPE 1200, 1500","37.5","25","37.5","0","","Gobo holder: Rotating."
"Clay Paky","Alpha Spot HPE 1500 (fixed)","31.5","23","31.5","0","",""
"Clay Paky","Alpha Spot HPE 1500 (rotating)","37.5","25","37.5","0","",""
"Clay Paky","Alpha Spot QWO 800 (fixed)","31.5","19","31.5","0","",""
"Clay Paky","Alpha Spot QWO 800 (rotating)","25.7","19","25.5","0.2","",""
"Clay Paky","Alpha Spot QWO 800, QWO 800 ST","31.5","25","31.5","0","","Gobo holder: Fixed."
"Clay Paky","Alpha Spot QWO 800, QWO 800 ST","25.7","19","25.5","0.2","","Gobo holder: Rotating."
"Clay Paky","Arolla Aqua","26.95","20.5","26.5","0.45","","Glass gobos only."
"Clay Paky","Arolla Aqua MLT","19.7","13.5","16","3.7","Nearest size is 3.7 mm under the holder","High-temperature glass gobos only."
"Clay Paky","Arolla Profile HP","31.9","24","31.5","0.4","","Glass gobos only. 1.1mm Maximum Thickness."
"Clay Paky","Arolla Profile MP","22.9","17","22.5","0.4","","Glass gobos only."
"Clay Paky","Arolla Spot MP","22.9","17","22.5","0.4","","Glass gobos only."
"Clay Paky","Astro Scan","51.8","45","50","1.8","Nearest size is 1.8 mm under the holder",""
"Clay Paky","Astro Scan","66","48","66","0","","Gobo holder: Metal holder."
"Clay Paky","Axcor Profile 400","22.9","17.5","22.5","0.4","","Glass gobos only. 1.1mm Maximum Thickness."
"Clay Paky","Axcor Profile 600","25","20","25","0","","Glass gobos only. 1.1mm Maximum Thickness."
"Clay Paky","Axcor Profile 900","32.8","23","32.7","0.1","","1.1mm Maximum Thickness. GoboPlus lists image 26mm - verify."
"Clay Paky","Axcor Spot 300","22.9","18","22.5","0.4","","Glass gobos only. 1.1mm Maximum Thickness."
"Clay Paky","Axcor Spot 400","22.9","15","22.5","0.4","","Glass gobos only. 1.1mm Maximum Thickness."
"Clay Paky","Axcor Spot 600","25","20","25","0","","Glass gobos only. 1.1mm Maximum Thickness."
"Clay Paky","Combicolor","37.5","23","37.5","0","",""
"Clay Paky","Golden Scan","66","43","66","0","",""
"Clay Paky","Golden Scan 3, 4, HPE","51.8","45","50","1.8","Nearest size is 1.8 mm under the holder","Gobo holder: Glass holder."
"Clay Paky","Golden Scan 3, 4, HPE","66","45","66","0","","Gobo holder: Metal holder."
"Clay Paky","Golden Scan HPE","51.8","36","50","1.8","Nearest size is 1.8 mm under the holder",""
"Clay Paky","Golden Spot 1200","51.8","36","50","1.8","Nearest size is 1.8 mm under the holder","GoboPlus lists glass G-66mm; image 45mm - verify."
"Clay Paky","Mini Scan 150, 300","37.5","25","37.5","0","",""
"Clay Paky","Mini Scan HP3, HPE","25.8","20","25.5","0.3","",""
"Clay Paky","Mini Xytlos HPE","19","14.5","16","3","Nearest size is 3 mm under the holder","Glass gobos only."
"Clay Paky","Mini-B Spot","15.9","12.5","","","No production size at or below 15.9 mm","Glass gobos only."
"Clay Paky","MiniScan HP3","25.8","19","25.5","0.3","",""
"Clay Paky","Mythos","25.9","13","25.5","0.4","",""
"Clay Paky","Mythos 2","25.9","13","25.5","0.4","",""
"Clay Paky","Pinter MH","31.5","27","31.5","0","",""
"Clay Paky","Piper 150W HTI","66","45","66","0","","Gobo holder: Metal holder."
"Clay Paky","Piper 150W HTI","51.8","45","50","1.8","Nearest size is 1.8 mm under the holder","Gobo holder: Glass holder."
"Clay Paky","Point","31.5","23","31.5","0","",""
"Clay Paky","Profile Plus SV","51.8","45","50","1.8","Nearest size is 1.8 mm under the holder",""
"Clay Paky","Rain Spot 575","53.3","40","53.3","0","","Gobo holder: Metal holder."
"Clay Paky","Rain Spot 575","51.8","35","50","1.8","Nearest size is 1.8 mm under the holder","Gobo holder: Glass holder."
"Clay Paky","Rhapsodya","32.8","27","32.7","0.1","","Glass gobos only."
"Clay Paky","S.I.P. 300","31.5","24","31.5","0","",""
"Clay Paky","Scenius","32.8","23","32.7","0.1","","Gobo holder: Integral. Flat edge."
"Clay Paky","Scenius Profile","32.8","23","32.7","0.1","","High Intensity (Heavy Matted)."
"Clay Paky","Scenius Profile - Fixed","31.8","23","31.5","0.3","","1.1mm Maximum Thickness."
"Clay Paky","Scenius Profile - Rotating","32.8","23","32.7","0.1","","1.1mm Maximum Thickness."
"Clay Paky","Scenius Spot","32.8","26","32.7","0.1","",""
"Clay Paky","Scenius Unico","32.8","23","32.7","0.1","",""
"Clay Paky","Sharpy","15.9","12","","","No production size at or below 15.9 mm","Gobo holder: Fixed gobo wheel."
"Clay Paky","Sharpy Plus","15.9","12","","","No production size at or below 15.9 mm","Glass gobos only. 1.1mm Maximum Thickness."
"Clay Paky","Sharpy Plus Aqua","15.9","12","","","No production size at or below 15.9 mm","Glass gobos only. 1.1mm Maximum Thickness."
"Clay Paky","Sharpy X Frame","19","13.5","16","3","Nearest size is 3 mm under the holder","Glass gobos only."
"Clay Paky","Sharpy X Spot","19","14","16","3","Nearest size is 3 mm under the holder","Glass gobos only."
"Clay Paky","Silverado","37.5","28","37.5","0","",""
"Clay Paky","Sinfonya Profile 600","32.9","22","32.7","0.2","","Glass gobos only."
"Clay Paky","Skylos","25.9","16","25.5","0.4","","Glass gobos only."
"Clay Paky","Spheriscan (fixed)","31.5","25","31.5","0","",""
"Clay Paky","Spheriscan (rotating)","32.8","26","32.7","0.1","",""
"Clay Paky","Stage Light 300","25.5","23","25.5","0","",""
"Clay Paky","Stage Light 300, 300 AE","25.5","23","25.5","0","",""
"Clay Paky","Stage Line SV Plus","53.3","40","53.3","0","","Gobo holder: Metal holder."
"Clay Paky","Stage Line SV Plus","51.8","45","50","1.8","Nearest size is 1.8 mm under the holder","Gobo holder: Glass holder."
"Clay Paky","Stage Profile Plus","51.8","48.7","50","1.8","Nearest size is 1.8 mm under the holder","GoboPlus lists glass G-66mm; image 42mm; image 45mm - verify."
"Clay Paky","Stage Scan","51.8","36","50","1.8","Nearest size is 1.8 mm under the holder",""
"Clay Paky","Stage Scan 300","25.5","23","25.5","0","",""
"Clay Paky","Stage Scan (not 300)","66","45","66","0","","Gobo holder: Metal holder."
"Clay Paky","Stage Scan (not 300)","51.8","35","50","1.8","Nearest size is 1.8 mm under the holder","Gobo holder: Glass holder."
"Clay Paky","Stage Zoom 1200","51.8","36","50","1.8","Nearest size is 1.8 mm under the holder","GoboPlus lists glass G-66mm; image 45mm - verify."
"Clay Paky","Studio Spot","25.5","23","25.5","0","",""
"Clay Paky","Super Scan","66","57","66","0","",""
"Clay Paky","Super Scan & Tiger Scan","51.8","45","50","1.8","Nearest size is 1.8 mm under the holder","Gobo holder: Glass holder."
"Clay Paky","Super Scan & Tiger Scan","66","45","66","0","","Gobo holder: Metal holder."
"Clay Paky","Super Scan Zoom","51.8","36","50","1.8","Nearest size is 1.8 mm under the holder",""
"Clay Paky","Supersharpy","25.9","16","25.5","0.4","","High Intensity (Heavy Matted). GoboPlus lists image 18mm - verify."
"Clay Paky","Supersharpy 2","25.9","16","25.5","0.4","",""
"Clay Paky","Tiger Scan","51.8","36","50","1.8","Nearest size is 1.8 mm under the holder",""
"Clay Paky","Ultimo Hybrid","19","13.5","16","3","Nearest size is 3 mm under the holder","Glass gobos only. 1.1mm Maximum Thickness."
"Clay Paky","V.I.P. 150","51.8","33","50","1.8","Nearest size is 1.8 mm under the holder",""
"Clay Paky","V.I.P. 250 ALO","31.5","24","31.5","0","",""
"Clay Paky","V.I.P. 250 ALO/ST","31.5","24","31.5","0","",""
"Clay Paky","V.I.P. 300","51.8","33","50","1.8","Nearest size is 1.8 mm under the holder","GoboPlus lists glass 31.5mm; image 23mm - verify."
"Clay Paky","V.I.P. 300 DIA","51.8","33","50","1.8","Nearest size is 1.8 mm under the holder",""
"Clay Paky","V.I.P. 1200","31.5","24","31.5","0","","GoboPlus lists glass 51.8mm; image 40mm - verify."
"Clay Paky","VIP 8","31.5","23","31.5","0","",""
"Clay Paky","VIP/SIP","53.3","40","53.3","0","","Gobo holder: Static / Metal holder."
"Clay Paky","VIP/SIP","51.8","40","50","1.8","Nearest size is 1.8 mm under the holder","Gobo holder: Static / Glass holder."
"Clay Paky","VIP/SIP","31.5","23","31.5","0","","Gobo holder: Gobo Changer."
"Clay Paky","Xtylos","25.9","11","25.5","0.4","","Glass gobos only. Flat edge."
"Clay Paky","Xtylos Aqua (IP66)","25.9","11","25.5","0.4","","Flat edge."
"CLS","Topaz Profile Zoom Framing / Gobo","30","15","29.9","0.1","",""
"Coeff","Compact 1200","50","40","50","0","",""
"Coeff","MH 660 & MH 860","27","23","26.5","0.5","",""
"Coeff","MH 680","37.5","28","37.5","0","",""
"Coeff","MP 250 & MP 700 Zoom","25","18","25","0","",""
"Coeff","Optic 200-250","25","18","25","0","",""
"Coeff","Performance 250 DVP, 1200 DVP","25","18","25","0","",""
"Coeff","Show 250","25","18","25","0","",""
"Coeff","ShowScan","25","18","25","0","",""
"Coemar","Accento","65.5","49.5","53.3","12.2","Nearest size is 12.2 mm under the holder","Gobo holder: GH41 metal."
"Coemar","Centro","37.5","28","37.5","0","",""
"Coemar","CF 7 HE","25.8","19.5","25.5","0.3","","GoboPlus lists image 19mm - verify."
"Coemar","CF 1200 HE","53.3","40","53.3","0","","Gobo holder: Rotating / Metal."
"Coemar","CF 1200 HE","50","35","50","0","","Gobo holder: Rotating / Static / Glass."
"Coemar","Clubscan","32.9","28","32.7","0.2","",""
"Coemar","Digiscan","26.5","21.5","26.5","0","",""
"Coemar","EHP HTI 2500","65.5","49.5","53.3","12.2","Nearest size is 12.2 mm under the holder",""
"Coemar","High Spot","32.9","28","32.7","0.2","",""
"Coemar","I Profile Flex","32.8","28","32.7","0.1","",""
"Coemar","I Spot 150","32.9","29","32.7","0.2","",""
"Coemar","I Spot 150W, 575W, 1200W","32.9","24","32.7","0.2","",""
"Coemar","I Spot 575","32.9","26","32.7","0.2","",""
"Coemar","I Spot 1200","32.8","28","32.7","0.1","",""
"Coemar","I Spot eXtreme","32.9","24","32.7","0.2","",""
"Coemar","I Spot Flex","32.8","28","32.7","0.1","","GoboPlus lists 32.9 mm / 24 mm - verify."
"Coemar","I Spot XL","32.9","24","32.7","0.2","",""
"Coemar","Inciso","100","75","100","0","",""
"Coemar","Infinity Spot S","27","21","26.5","0.5","",""
"Coemar","Infinity Spot XL","32.8","25","32.7","0.1","",""
"Coemar","Jupiter","38.8","25","37.5","1.3","Nearest size is 1.3 mm under the holder",""
"Coemar","LEDko","86","64.5","86","0","",""
"Coemar","LEDko Basic","86","64.5","86","0","",""
"Coemar","LEDko EXT","86","64.5","86","0","",""
"Coemar","LEDko HD","86","64.5","86","0","",""
"Coemar","LX 250","25.8","19","25.5","0.3","",""
"Coemar","Micro Scan","27.5","20","26.5","1","Nearest size is 1 mm under the holder",""
"Coemar","MiniLEDko Profile","26","22","25.5","0.5","",""
"Coemar","Nat","50","35","50","0","",""
"Coemar","NAT MM 1200 Zoom BBI","50","37.5","50","0","",""
"Coemar","NAT MM 2500 Zoom","50","37.5","50","0","",""
"Coemar","NAT MM 4000 Zoom","50","37.5","50","0","",""
"Coemar","Pro Spot 150, 150 LX","32.9","26","32.7","0.2","",""
"Coemar","Pro Spot 250 Evo","27","23","26.5","0.5","",""
"Coemar","Pro Spot 575 EB, 575 LX, 575MB","32.9","26","32.7","0.2","",""
"Coemar","Proscan","27.9","23","27.8","0.1","",""
"Coemar","ProSpot 150","32.9","26","32.7","0.2","",""
"Coemar","ProSpot 250 LX","25.8","19","25.5","0.3","",""
"Coemar","ProSpot 575","32.9","26","32.7","0.2","",""
"Coemar","Tas KP 12, Pro Spot 575","27.5","20","26.5","1","Nearest size is 1 mm under the holder",""
"Coemar","Tas Mini Sagamatore","37.5","28","37.5","0","",""
"Coemar","Tas Mini Ultrascan","27.5","20","26.5","1","Nearest size is 1 mm under the holder",""
"Coemar","Testa","86","64.5","86","0","","Gobo holder: GH43 metal."
"Coemar","Tourlight","53.3","35","53.3","0","",""
"Coemar","Unknown","26.8","21","26.5","0.3","",""
"Coemar","Zenith","65.5","49.5","53.3","12.2","Nearest size is 12.2 mm under the holder",""
"CoeTech","Genesis 575","40","30","37.5","2.5","Nearest size is 2.5 mm under the holder",""
"CoeTech","HQI 150W","45","25","44","1","Nearest size is 1 mm under the holder","Square gobo, not round."
"CoeTech","Promo Scan","53.3","40","53.3","0","",""
"Colfine","DS-FS-35","37","23","35.3","1.7","Nearest size is 1.7 mm under the holder",""
"Colfine","DS-FS-80","37","23","35.3","1.7","Nearest size is 1.7 mm under the holder",""
"Colfine","DS-FS-100","37","23","35.3","1.7","Nearest size is 1.7 mm under the holder",""
"Colfine","DS-FS-120","37","23","35.3","1.7","Nearest size is 1.7 mm under the holder",""
"Colortran","5/50","86","59","86","0","",""
"Colortran","Windsor","100","75","100","0","",""
"Concord","2055220","53.3","40","53.3","0","",""
"Concord","Beacon Muse Projector","53.3","20","53.3","0","",""
"Concord","Control Spot Projector","53.3","40","53.3","0","",""
"Concord","Myriad","53.3","40","53.3","0","",""
"Concord","Torus FX 50","53.3","40","53.3","0","",""
"Constella","Astrascan","20","14","20","0","",""
"Constella","Chameleon","26","18","25.5","0.5","",""
"Constella","Chameleon Event 3","27","18","26.5","0.5","",""
"Contest","Evo 575","27","22","26.5","0.5","",""
"Contest","Evora SP60","27","22","26.5","0.5","",""
"Contest","Gaya 22W LED","27","22","26.5","0.5","",""
"Contest","MSP 575","27","22","26.5","0.5","",""
"Contest","MVH 930","27","22","26.5","0.5","",""
"Contest","SFX-DE50W","25.8","19","25.5","0.3","",""
"Custom (Electronics)","Caleidos 150-300","70","35","70","0","",""
"Cyclops Lighting","Sparkly LED 600p","26.9","19","26.5","0.4","",""
"DAGE","HM-3826","25.3","20","25","0.3","",""
"Dedolite","10-150W, DLH 4","65.5","49.5","53.3","12.2","Nearest size is 12.2 mm under the holder","Gobo holder: Calumet stock these."
"Dedolite","DLED4 Bicolor","65.5","49.5","53.3","12.2","Nearest size is 12.2 mm under the holder",""
"Dedolite","DP1S Projection Imager","50","37","50","0","",""
"Dedolite","Profiler","51.8","38","50","1.8","Nearest size is 1.8 mm under the holder",""
"Derksen","GL80","50","42","50","0","",""
"Derksen","GL100","70","35","70","0","","Check with Manufacturing."
"Derksen","GL150","70","35","70","0","","Check with Manufacturing."
"Derksen","GL200","70","35","70","0","","Check with Manufacturing."
"Derksen","GL575","70","35","70","0","","Check with Manufacturing."
"Derksen","GL 700 - Rotating Gobo Cassette (Gobo Holder: Gobo Cassette)","70","55","70","0","","Check with Manufacturing."
"Derksen","GL 700 - Static (Gobo Holder: Static)","105","68","100","5","Nearest size is 5 mm under the holder","Check with Manufacturing."
"Derksen","GL 1200 - Rotating Gobo Cassette (Gobo Holder: Gobo Cassette)","70","55","70","0","","Check with Manufacturing."
"Derksen","GL 1200 - Static (Gobo Holder: Static)","105","68","100","5","Nearest size is 5 mm under the holder","Check with Manufacturing."
"Derksen","GL L 20 LED LAP","50","32","50","0","",""
"Derksen","GL L 60","70","25","70","0","","Check with Manufacturing."
"Derksen","Gobo Top","37.5","28","37.5","0","",""
"Derksen","Gobo Top Mini","37.5","28","37.5","0","",""
"Derksen","Graphic Spotlight","70","35","70","0","","Check with Manufacturing."
"Derksen","Opti Gobo Top","37.5","28","37.5","0","",""
"Derksen","Phos 15","30","20","29.9","0.1","",""
"Derksen","Phos 20","50","32","50","0","",""
"Derksen","PHOS 25","50","40","50","0","",""
"Derksen","Phos 40","50","40","50","0","","GoboPlus lists image 42mm - verify."
"Derksen","Phos 45","50","40","50","0","",""
"Derksen","Phos 65","50","40","50","0","",""
"Derksen","Phos 85","50","40","50","0","",""
"Derksen","PHOS 160","50","40","50","0","",""
"Derksen","Phos Mini","37.5","28","37.5","0","",""
"DHA","Chameleon","37.5","28","37.5","0","",""
"DHA","Gecko","37.5","28","37.5","0","",""
"Discotech","Logotech","44","35","44","0","",""
"DJ Pro","PR 111R","26.9","22","26.5","0.4","",""
"DTS","Bravoscan","29.8","24","27.8","2","Nearest size is 2 mm under the holder",""
"DTS","Core","13.9","7","","","No production size at or below 13.9 mm","Glass gobos only."
"DTS","Eco Spot LED 10","37.5","28","37.5","0","",""
"DTS","Ecolight 25 LED","53.3","40","53.3","0","",""
"DTS","Ecolight 50 Easy Gobo Projector","37.5","28","37.5","0","",""
"DTS","EVO","13.9","7","","","No production size at or below 13.9 mm","Glass gobos only."
"DTS","Jack","14","6","","","No production size at or below 14 mm",""
"DTS","Logotech","53.3","40","53.3","0","",""
"DTS","Max","13.9","7","","","No production size at or below 13.9 mm",""
"DTS","Movie Light 575","26.8","22","26.5","0.3","",""
"DTS","Profilo 500","86","48","86","0","",""
"DTS","Profilo 1000 Z 18/36","86","64.5","86","0","",""
"DTS","Profilo Compact","66","45","66","0","",""
"DTS","Profilo LED 80","66","48","66","0","",""
"DTS","Profilo LED 120","66","48","66","0","",""
"DTS","Profilo LED 200","86","60","86","0","",""
"DTS","Synergy 5 Profile","27.9","21","27.8","0.1","",""
"DTS","Synergy 5 Spot","27.9","21","27.8","0.1","",""
"DTS","Synergy 7 Profile","34.9","26","33.8","1.1","Nearest size is 1.1 mm under the holder","Glass gobos only."
"DTS","XM 1200","36.9","32","35.3","1.6","Nearest size is 1.6 mm under the holder",""
"DTS","XR 4","27.9","23","27.8","0.1","",""
"DTS","XR 5","27.9","23","27.8","0.1","",""
"DTS","XR 7","26.9","23","26.5","0.4","",""
"DTS","XR 8","27.9","23","27.8","0.1","",""
"DTS","XR 9","27.9","23","27.8","0.1","",""
"DTS","XR 2000","27.9","23","27.8","0.1","",""
"DTS","XR 3000 Spot","27.9","23","27.8","0.1","",""
"DTS","XRT 250","26.9","23","26.5","0.4","",""
"Ecolight","9 LED, 10 LED","37.5","28","37.5","0","",""
"Ecolight","25 LED, 40 LED","53.3","40","53.3","0","",""
"Ecolight","35 HID","37.5","28","37.5","0","",""
"Ecolight","50 EASY Downlight","37.5","28","37.5","0","",""
"Ecolight","50 HAL","37.5","28","37.5","0","",""
"Ecolight","80 LED, 150 LED, 200 LED","66","45","66","0","",""
"Ecolight","250 HID","66","45","66","0","",""
"Elation","Active Scan 250","26.9","23","26.5","0.4","",""
"Elation","Active Wave 250","26.9","23","26.5","0.4","",""
"Elation","Artiste Da Vinci - Static Wheel Metal Gobos Only","25.8","22","25.5","0.3","","1.1mm Maximum Thickness."
"Elation","Artiste DaVinci","29.8","20","27.8","2","Nearest size is 2 mm under the holder",""
"Elation","Artiste Mondrian","34","24","33.8","0.2","","1.1mm Maximum Thickness"
"Elation","Artiste Monet","29.8","25","27.8","2","Nearest size is 2 mm under the holder","1.1mm Maximum Thickness, High Temperature Optics (Heavy Matted)."
"Elation","Artiste Picasso","29.8","22","27.8","2","Nearest size is 2 mm under the holder","1.1mm Maximum Thickness."
"Elation","Artiste Picasso - Rotating Wheel Glass Only","29.8","25","27.8","2","Nearest size is 2 mm under the holder","Glass gobos only. 1.1mm Maximum Thickness."
"Elation","Artiste Picasso - Static Wheel Metal Only","29.8","22","27.8","2","Nearest size is 2 mm under the holder",""
"Elation","Color Spot 575","27","23","26.5","0.5","",""
"Elation","Colour 5 Profile","86","64.5","86","0","","Metal gobos only."
"Elation","CW Profile HP","86","64.5","86","0","","Metal gobos only."
"Elation","CW Profile HP IP","86","64.5","86","0","","Metal gobos only."
"Elation","Design Spot 250","27","23","26.5","0.5","","1mm Maximum Thickness."
"Elation","Design Spot 250, 300, 500, 700, LED","26.8","23","26.5","0.3","",""
"Elation","Design Spot 300 Pro","26.9","23","26.5","0.4","","1mm Maximum Thickness."
"Elation","Design Spot 575","26.9","23","26.5","0.4","","1mm Maximum Thickness."
"Elation","Design Spot 1200, 1400","37.5","28","37.5","0","",""
"Elation","Design Spot 1400","37.5","31","37.5","0","",""
"Elation","Design Spot LED","26.9","24","26.5","0.4","","1mm Maximum Thickness."
"Elation","DW Profile","86","64.5","86","0","",""
"Elation","E Spot III","26.8","21.4","26.5","0.3","",""
"Elation","E Spot LED","26.9","24","26.5","0.4","","1mm Maximum Thickness."
"Elation","E Spot LED 2","27","22","26.5","0.5","",""
"Elation","ELAR Image X","37.5","20","37.5","0","",""
"Elation","Elar Image X, XR","37.5","28","37.5","0","",""
"Elation","ELAR Image XR","37.5","20","37.5","0","",""
"Elation","Emanon Spotlight","66","45","66","0","",""
"Elation","Focus Spot 250","27","24","26.5","0.5","","1mm Maximum Thickness."
"Elation","Focus Spot 250R","27","23","26.5","0.5","",""
"Elation","FUZE Max Profile","30","25","29.9","0.1","","Glass gobos only."
"Elation","FUZE Max Spot","30","25","29.9","0.1","","Glass gobos only."
"Elation","FUZE PFX","16.5","12.5","16","0.5","",""
"Elation","Fuze Profile","29.9","25","29.9","0","","1.1mm Maximum Thickness, High Temperature Optics (Heavy Matted)."
"Elation","FUZE SFX","16.4","12.5","16","0.4","","Glass gobos only. 1.1mm Maximum Thickness."
"Elation","Fuze Spot","29.9","25","29.9","0","","1.1mm Maximum Thickness, High Temperature Optics (Heavy Matted)."
"Elation","FUZE Teatro","30","25","29.9","0.1","","Glass gobos only."
"Elation","Image IP2","51.8","35.5","50","1.8","Nearest size is 1.8 mm under the holder",""
"Elation","Image Pro 300","51.8","35.5","50","1.8","Nearest size is 1.8 mm under the holder",""
"Elation","Image Pro 300 Rotating Wheel (IP-RGW)","31.5","23","31.5","0","",""
"Elation","Joy-150","26","22","25.5","0.5","",""
"Elation","Joy-300","26","22","25.5","0.5","",""
"Elation","KL Profile","30","25","29.9","0.1","","Glass gobos only."
"Elation","KL Profile Compact","65.5","45","53.3","12.2","Nearest size is 12.2 mm under the holder","Metal gobos only."
"Elation","KL Spot IP","29.9","25","29.9","0","","High-temperature glass gobos only."
"Elation","Paragon S","20.8","14","20","0.8","","Glass gobos only. 1.1mm Maximum Thickness (Pos 1-6) 2.5mm Maximum Thickness (Pos 7)."
"Elation","Patend 1200","37.5","27","37.5","0","",""
"Elation","Patend Light 1200","37.5","28","37.5","0","",""
"Elation","Platinum Beam 5R","14","8","","","No production size at or below 14 mm","Metal gobos only."
"Elation","Platinum Beam 5R Extreme","14","6","","","No production size at or below 14 mm","Metal gobos only."
"Elation","Platinum FLX","16.1","10","16","0.1","",""
"Elation","Platinum HFX","13.8","9","","","No production size at or below 13.8 mm","Verify with supplier as spec's have changed."
"Elation","Platinum Profile LED","24.8","16.5","23.7","1.1","Nearest size is 1.1 mm under the holder","Glass gobos only."
"Elation","Platinum Spot 5R","14","7","","","No production size at or below 14 mm","No glass size available. GoboPlus lists glass 27mm; image 22mm - verify."
"Elation","Platinum Spot 5R Pro","14","8","","","No production size at or below 14 mm",""
"Elation","Platinum Spot 15R","16.3","10","16","0.3","",""
"Elation","Platinum Spot 15R (B & Pro)","16.3","10","16","0.3","","15.9mm Robe Pointe Glass."
"Elation","Platinum Spot 35R","28.8","24","27.8","1","Nearest size is 1 mm under the holder",""
"Elation","Platinum Spot LED 2","27","22","26.5","0.5","","Gobo holder: Wheel B only."
"Elation","Platinum Spot LED II","27","22","26.5","0.5","",""
"Elation","Platinum Spot LED III","26.8","21.4","26.5","0.3","","GoboPlus lists image 22mm - verify."
"Elation","Power Spot 250","27","23","26.5","0.5","",""
"Elation","Power Spot 250, 575, 700","26.8","23","26.5","0.3","",""
"Elation","Power Spot 575","26.9","23","26.5","0.4","",""
"Elation","Power Spot 575IE","26.9","23","26.5","0.4","",""
"Elation","Power Spot 700","26.9","23","26.5","0.4","",""
"Elation","Power Spot 700 CMY II","26.9","23","26.5","0.4","",""
"Elation","Pro 300 II","51.8","35","50","1.8","Nearest size is 1.8 mm under the holder",""
"Elation","Proteus Brutus","34","24","33.8","0.2","","2.2mm Maximum Thickness"
"Elation","Proteus Excalibur","13.8","7","","","No production size at or below 13.8 mm","2.2mm Maximum Thickness"
"Elation","Proteus Hybrid","16.4","9","16","0.4","","Glass gobos only."
"Elation","Proteus Hybrid Max","13.8","9","","","No production size at or below 13.8 mm","2.2mm Maximum Thickness"
"Elation","Proteus Lucius (Rot. Wheel 1)","34","21","33.8","0.2","","2.5mm Maximum Thickness"
"Elation","Proteus Lucius (Rot. Wheel 2)","26.8","21","26.5","0.3","","2.5mm Maximum Thickness"
"Elation","Proteus Lucius (Static Wheel)","30","21","29.9","0.1","","1.1mm Maximum Thickness"
"Elation","Proteus Lucius - Wheel 1, Glass Only","33.8","21","33.8","0","","1.1mm Maximum Thickness."
"Elation","Proteus Lucius - Wheel 2, Glass Only","26.8","21","26.5","0.3","","1.1mm Maximum Thickness."
"Elation","Proteus Maximus","29.8","25","27.8","2","Nearest size is 2 mm under the holder","1.1mm Maximum Thickness, High Temperature Optics (Heavy Matted)."
"Elation","Proteus Odeon - Rotating Wheel","26.8","21","26.5","0.3","",""
"Elation","Proteus Odeon - Wheel 1","33.8","21","33.8","0","",""
"Elation","Proteus Smarty Hybrid","14","7","","","No production size at or below 14 mm","1.1mm Maximum Thickness."
"Elation","Rebel Profile Fixed Wheel","23","11","22.5","0.5","","1.1mm Maximum Thickness."
"Elation","Rebel Profile Rotating Wheel","23","15","22.5","0.5","","Glass gobos only. 1.1mm Maximum Thickness."
"Elation","Satura Profile - Rotating Wheel","28.8","23","27.8","1","Nearest size is 1 mm under the holder",""
"Elation","Satura Profile - Static Wheel","27","22","26.5","0.5","",""
"Elation","Satura Spot CMY","28.8","24","27.8","1","Nearest size is 1 mm under the holder",""
"Elation","Satura Spot CMY Pro","28.8","24","27.8","1","Nearest size is 1 mm under the holder",""
"Elation","Satura Spot LED Pro","27","22","26.5","0.5","",""
"Elation","SBX","15.9","10","","","No production size at or below 15.9 mm",""
"Elation","Smarty Hybrid","14","7","","","No production size at or below 14 mm","1.1mm Maximum Thickness."
"Elation","Smarty Max","13.8","9","","","No production size at or below 13.8 mm","1.1mm Maximum Thickness."
"Elation","TMH-X12","24","20","23.7","0.3","",""
"Elation","Vision Scan 250","27","23","26.5","0.5","",""
"Elation","Vision Scan 575","22.5","18","22.5","0","",""
"Elation","Vizi Spot, Vizi Spot Platinum","14","8","","","No production size at or below 14 mm",""
"Elation","WW Profile HP","86","64.5","86","0","","Metal gobos only."
"Elektralite","Elektrik Eye","27","24","26.5","0.5","",""
"Elektralite","my150","27","25","26.5","0.5","",""
"Elektralite","my250","27","25","26.5","0.5","",""
"Elektralite","my575.2","27","25","26.5","0.5","",""
"Elektralite","my575.3","27","25","26.5","0.5","",""
"Elinchrom","18/36","65.5","48","53.3","12.2","Nearest size is 12.2 mm under the holder",""
"Elinchrom","Minispot","53.3","38","53.3","0","",""
"Elinchrom","Minispot","52","38","50","2","Nearest size is 2 mm under the holder",""
"Elinchrom","Spot Lite 3000","86","50","86","0","","Gobo holder: Optical Zoom Spotlight Accessory."
"Elinchrom","Zoom Spot","86","64.5","86","0","","Gobo holder: Optical Zoom Spotlight Accessory."
"Elite","Servo Scan 250, 575","26.8","23","26.5","0.3","",""
"Elite","Servo Spot 250, 575","26.8","23","26.5","0.3","",""
"Elite","Servo Spot 600","32.5","25","31.5","1","Nearest size is 1 mm under the holder",""
"Elite","Servo Zoom","37.5","28","37.5","0","",""
"Enliten","BP 75 Series","53.3","40","53.3","0","",""
"Enliten","Callisto","86","64.5","86","0","",""
"Erco","Eclipse","100","75","100","0","",""
"Erco","Pollux","56","20","53.3","2.7","Nearest size is 2.7 mm under the holder",""
"Erco","Stella","65.5","49.5","53.3","12.2","Nearest size is 12.2 mm under the holder",""
"ETC","ColorSource Spot Jr","65.5","49.5","53.3","12.2","Nearest size is 12.2 mm under the holder","2mm Maximum Thickness."
"ETC","ColorSource Spot V - A Size Holder","100","75","100","0","",""
"ETC","ColorSource Spot V - B Size Holder","86","64.5","86","0","",""
"ETC","Halcyon Gold Rotating Wheel","25.3","18","25","0.3","","Glass gobos only. Requires special mounting ring."
"ETC","Halcyon Platinum","29.9","24","29.9","0","","Glass gobos only. 1.1mm Maximum Thickness. Requires special mounting ring."
"ETC","Halcyon Silent","29.9","21","29.9","0","","Glass gobos only. Requires special mounting ring."
"ETC","Halcyon Titanium","29.9","21","29.9","0","","Glass gobos only. 1.1mm Maximum Thickness. Requires special mounting ring."
"ETC","Hyperstar","17.5","13","16","1.5","Nearest size is 1.5 mm under the holder","Glass gobos only. 1.1mm Maximum Thickness."
"ETC","Irideon FPZ","37.5","24","37.5","0","",""
"ETC","Lonestar","17.5","13","16","1.5","Nearest size is 1.5 mm under the holder","Glass gobos only. 1.1mm Maximum Thickness."
"ETC","Ministar","30","15","29.9","0.1","","Glass gobos only."
"ETC","Relevé Spot","45.5","36","44","1.5","Nearest size is 1.5 mm under the holder",""
"ETC","Revolution","66","49.5","66","0","",""
"ETC","Source Four A-Size","100","75","100","0","",""
"ETC","Source Four B-Size","86","64.5","86","0","",""
"ETC","Source Four Effects Gate - B Size","86","64.5","86","0","","Gobo holder: 15786 metal and glass, GH77 glass."
"ETC","Source Four Gobo Gate - B size","86","64.5","86","0","","Gobo holder: GH56 glass, GH59 metal, GH75 glass."
"ETC","Source Four Jr","66","49.5","66","0","",""
"ETC","Source Four Junior - M size","65.5","49.5","53.3","12.2","Nearest size is 12.2 mm under the holder","Gobo holder: GH63 metal, GH64 glass."
"ETC","Source Four Mini","37.5","25.4","37.5","0","","1.1mm Maximum Thickness."
"ETC","Source Four Mini - E size","37.5","24","37.5","0","",""
"ETC","Source Four Revolution","65.5","49.5","53.3","12.2","Nearest size is 12.2 mm under the holder","Gobo holder: Gobo Rotator."
"Eternal","Ultra 100W LED","80","62","70","10","Nearest size is 10 mm under the holder",""
"Eurolite","Centerpiece, TS-255, TS-8","25","17","25","0","",""
"Eurolite","LP50","37.5","25","37.5","0","",""
"Eurolite","LP-5","50","28","50","0","",""
"Eurolite","LP-6","30","24","29.9","0.1","",""
"Eurolite","LP-7 IP","35","26","33.8","1.2","Nearest size is 1.2 mm under the holder",""
"Eurolite","LP-15 LED","28.7","22","27.8","0.9","",""
"Eurolite","LP-25","37.5","28","37.5","0","",""
"Eurolite","LP-30","27","18","26.5","0.5","",""
"Eurolite","LP-150","53.3","40","53.3","0","",""
"Eurolite","TMH-155","27.5","21","26.5","1","Nearest size is 1 mm under the holder",""
"Eurolite","TMH-155, TMH-250","27","22","26.5","0.5","",""
"Eurolite","TMH-S30","14","10","","","No production size at or below 14 mm","0.5mm Maximum Thickness."
"Eurolite","TMH-S90","21.8","16","21.4","0.4","",""
"Eurolite","TMH-S200","19.5","15","16","3.5","Nearest size is 3.5 mm under the holder",""
"Eurolite","TMH-S400","22","15","21.4","0.6","","Glass gobos only."
"Eurolite","TS-8","25","20","25","0","",""
"Eurolite","TS-150 Scan","19","16","16","3","Nearest size is 3 mm under the holder",""
"Eurolite","TS-255 DMX Scanner","25","19","25","0","",""
"Evica","EP10","22.5","17","22.5","0","",""
"Evica","EP20","22.5","17","22.5","0","","GoboPlus lists glass 37.5mm; image 24mm; image 28mm - verify."
"Evica","EP40","37.5","28","37.5","0","",""
"Evica","EP80","37.5","28","37.5","0","","GoboPlus lists image 24mm - verify."
"Evica","EP80-EX","33.2","28","32.7","0.5","",""
"Evica","GP10","22.5","17","22.5","0","",""
"Evica","GP20 (NEW)","37.5","25","37.5","0","","Check with client for new or old version."
"Evica","GP20 (OLD)","22.5","17","22.5","0","","Check with client for new or old version."
"EVL","Mini Spot 150, 250","25","20","25","0","",""
"EVL","Moonflower","23.5","15","22.5","1","Nearest size is 1 mm under the holder",""
"EVL","Pro Spot 250, 575","27","22","26.5","0.5","",""
"EVL","Spin","22.5","5","22.5","0","","Image area unusually small against the 22.5 mm glass - verify."
"Evolite","Hybrid 17R","25","16","25","0","","Glass gobos only."
"Expelec","PI 300 R1 IP Glass gobo","50","38","50","0","",""
"Expelec","PI 300 R1 IP Metal gobo","54","40","53.3","0.7","",""
"Fairfield","50W Projector","50","35","50","0","",""
"FAL","1000","28","25","27.8","0.2","",""
"FAL","2000","30","22","29.9","0.1","",""
"FAL","2500 XLD, 2500 XLDX","65.5","49.5","53.3","12.2","Nearest size is 12.2 mm under the holder",""
"FAL","Gobo Twin","37.5","28","37.5","0","",""
"FAL","Night Colour, Night Plan","65.5","49.5","53.3","12.2","Nearest size is 12.2 mm under the holder",""
"FAL","PF 1230, 1245, 1255, 1260","65.5","49.5","53.3","12.2","Nearest size is 12.2 mm under the holder",""
"FAL","Pro Scan X, Pro Scan XLD","53.3","40","53.3","0","",""
"FAL","Profile","53.3","40","53.3","0","",""
"FAL","Promo Series 1-4","53.3","40","53.3","0","",""
"FAL","Roulette 575","30","22","29.9","0.1","",""
"FAL","Roulette LD, LD Iris","53.3","40","53.3","0","",""
"FAL","Sagomatore 650, 1000, 2000","65.5","49.5","53.3","12.2","Nearest size is 12.2 mm under the holder",""
"FAL","Scala 575, 1000, 1200, 2000","65.5","49.5","53.3","12.2","Nearest size is 12.2 mm under the holder",""
"FAL","Three Sixty","25","20","25","0","",""
"Fine Art","250","22","17","21.4","0.6","",""
"Fine Art","1000, 1200, 1500 Spot","37.5","28","37.5","0","",""
"Fine Art","1700 performance","32","26","31.5","0.5","","High-temperature glass gobos only. 1.1mm Maximum Thickness."
"Fine Art","FINE 1400 PERF","37.3","26","35.3","2","Nearest size is 2 mm under the holder","Glass gobos only. 1.1mm Maximum Thickness."
"FOS Technologies","Orion","27","22","26.5","0.5","",""
"Futurelight","Ad Scan AS 200","53.3","40","53.3","0","",""
"Futurelight","CC 200","26.5","23","26.5","0","",""
"Futurelight","DJ Head 250, 575","26.5","23","26.5","0","",""
"Futurelight","DJ Scan 600","35","27","33.8","1.2","Nearest size is 1.2 mm under the holder",""
"Futurelight","DMH 160 Mk2","27","22","26.5","0.5","",""
"Futurelight","DP 200","53.3","40","53.3","0","",""
"Futurelight","DPH 250","53.3","40","53.3","0","",""
"Futurelight","Duke 1200","60","48","53.3","6.7","Nearest size is 6.7 mm under the holder",""
"Futurelight","DV 200","53.3","40","53.3","0","",""
"Futurelight","G Spot","26.5","23","26.5","0","",""
"Futurelight","MH 660","26.5","23","26.5","0","",""
"Futurelight","MH 680","37.5","28","37.5","0","",""
"Futurelight","MH 840, 860","26.5","23","26.5","0","",""
"Futurelight","Miracle","60","48","53.3","6.7","Nearest size is 6.7 mm under the holder",""
"Futurelight","PBL-280 Moving Head","16","12","16","0","",""
"Futurelight","PHS 200-210","25","20","25","0","",""
"Futurelight","PHS 260, 280, 300E, 575, 750E","26.5","23","26.5","0","",""
"Futurelight","PHS 710","28","23","27.8","0.2","",""
"Futurelight","PHS 1200 E","37.5","28","37.5","0","",""
"Futurelight","PSC 5751","26.5","23","26.5","0","",""
"Futurelight","PSD 200 Promo Scan","53.3","40","53.3","0","",""
"Futurelight","Ruby 575","86","64.5","86","0","",""
"Futurelight","SC 250","16","13","16","0","",""
"Futurelight","SC 940, 980","53.3","40","53.3","0","",""
"Futurelight","Voyager","32.5","28","31.5","1","Nearest size is 1 mm under the holder",""
"G-Lites","250 S","27","21","26.5","0.5","",""
"G-Lites","300 S","28","21.5","27.8","0.2","",""
"G-Lites","575 S","43.5","33.5","37.5","6","Nearest size is 6 mm under the holder",""
"G-Lites","600 SZ","28","21.5","27.8","0.2","","1.1mm Maximum Thickness."
"G-Lites","1200 SZ","28","21","27.8","0.2","","1.1mm Maximum Thickness."
"Gantom","IQ","19","15","16","3","Nearest size is 3 mm under the holder",""
"Gantom","Juni","19","15","16","3","Nearest size is 3 mm under the holder",""
"Gear 4 Music","SOL 7G Light","35","26","33.8","1.2","Nearest size is 1.2 mm under the holder",""
"Geni Electronics Co., Ltd.","Gobo Projector","37","17","35.3","1.7","Nearest size is 1.7 mm under the holder",""
"Geni Electronics Co., Ltd.","Mizar Rotating","45","40","44","1","Nearest size is 1 mm under the holder","Gobo holder: Rotating."
"Geni Electronics Co., Ltd.","Mizar Static","48","40","44","4","Nearest size is 4 mm under the holder","Gobo holder: Static."
"Geni Electronics Co., Ltd.","Mojo Rotogo","25","18","25","0","",""
"Geni Electronics Co., Ltd.","MojoRotogo CDM 150","25","18","25","0","",""
"Geni Electronics Co., Ltd.","MojoScan 3","25","18","25","0","",""
"Geni Electronics Co., Ltd.","OBY 3 250W, 5 575W","31","24","30.8","0.2","",""
"Geni Electronics Co., Ltd.","Shiva 250, 350","25","18","25","0","",""
"Geni Electronics Co., Ltd.","Ultima 2 Projector","42","32","37.5","4.5","Nearest size is 4.5 mm under the holder",""
"Genius","Image Projector","50","35","50","0","",""
"Genius","Jolly","30","25","29.9","0.1","",""
"Genius","Motor Colour","30","25","29.9","0.1","",""
"Genius","Motor Show","30","25","29.9","0.1","",""
"Genius","Nexus 1, 2, 3","30","25","29.9","0.1","",""
"Genius","Psycho Light","50","35","50","0","",""
"German Light Products","575 Basic","37.5","28","37.5","0","",""
"German Light Products","1200 Basic, 1200 HMI","37.5","28","37.5","0","",""
"German Light Products","GT-1","22.9","13","22.5","0.4","",""
"German Light Products","Impression E350","26.9","21.5","26.5","0.4","",""
"German Light Products","Impression S350","26.9","21.5","26.5","0.4","","Glass gobos only. 1.1mm Maximum Thickness."
"German Light Products","Impression Spot One","27","20","26.5","0.5","",""
"German Light Products","Joy 300","26","22","25.5","0.5","",""
"German Light Products","Junior Scan 1, 2","13.8","12.5","","","No production size at or below 13.8 mm",""
"German Light Products","Patend/Patent Light 70","37.5","28","37.5","0","",""
"German Light Products","Patend/Patent Light 1200","37.5","28","37.5","0","",""
"German Light Products","Spot One","27","18","26.5","0.5","","Gobo holder: Gobo wheel 1 and 2."
"German Light Products","Startec 1200, 575","37.5","28","37.5","0","",""
"German Light Products","Volkslicht Spot","23","19","22.5","0.5","",""
"German Light Products","YPOC 250, 575, 700","27","22","26.5","0.5","",""
"GoboGobo","DH-S 20 LED, 50 LED, 100 LED","51.8","40","50","1.8","Nearest size is 1.8 mm under the holder",""
"GoboGobo","XK-L 1200 2, 1200 Eco","51.8","40","50","1.8","Nearest size is 1.8 mm under the holder",""
"GoboGobo","XK-M 150 EB, 575, 575 Eco","51.8","40","50","1.8","Nearest size is 1.8 mm under the holder",""
"GoboGobo","XK-X 2500 Eco, Eco 2500 2","51.8","40","50","1.8","Nearest size is 1.8 mm under the holder",""
"Goboman","Q Spot","50×49","22","","","Not a standard round size",""
"GoboService","DIVUM 30K","63.8","48","53.3","10.5","Nearest size is 10.5 mm under the holder",""
"GoboService","Divum 50K","37.3","25","35.3","2","Nearest size is 2 mm under the holder","Donut/bezel mount."
"GoboService","EcoSmart 20 LED, 45, 32 RZ, 32 CR1, 70 RZ","37.5","28","37.5","0","",""
"GoboService","EcoSmart 150-250W","66","45","66","0","",""
"GoboService","EcoSphere","37.5","28","37.5","0","",""
"GoboService","EcoSpot 32 F, 32 Z","37.5","28","37.5","0","",""
"GoboService","EcoSpot 35","37.5","28","37.5","0","",""
"GoboService","GOLED","37.3","30","35.3","2","Nearest size is 2 mm under the holder",""
"GoboService","GOLUX 600","37.3","25","35.3","2","Nearest size is 2 mm under the holder",""
"GoboService","GOLUX 1000","37.3","25","35.3","2","Nearest size is 2 mm under the holder",""
"GoboService","Signum","37.5","30","37.5","0","",""
"GoboService","TLS Dipas","49.2","40","44","5.2","Nearest size is 5.2 mm under the holder",""
"GoboService","TLS Multilogo","49.2","40","44","5.2","Nearest size is 5.2 mm under the holder",""
"Gobosource","ES-70","37.5","25","37.5","0","","4mm Maximum Thickness."
"Gobosource","ES-150","66","50","66","0","","4mm Maximum Thickness."
"Gobosource","ES-250","66","50","66","0","","4mm Maximum Thickness."
"Gobosource","ES-2500","86","60","86","0","","2.7mm Maximum Thickness."
"Gobosource","ES-A10","37.5","25","37.5","0","",""
"Gobosource","ES-B90","66","48","66","0","",""
"Gobosource","ES-B150","66","48","66","0","",""
"Gobosource","ES-B300","66","48","66","0","",""
"Gobosource","ES-C25","37.5","28","37.5","0","",""
"Gobosource","ES-C40","37.5","25","37.5","0","",""
"Gobosource","ES-C60","37.5","25","37.5","0","",""
"Gobosource","ES-C90","66","22","66","0","",""
"Gobosource","ES-LED10","37.5","25","37.5","0","","4mm Maximum Thickness."
"Gobosource","ES-LED25","37.5","25","37.5","0","","4mm Maximum Thickness."
"Gobosource","ES-LED40D","53.3","35","53.3","0","","4mm Maximum Thickness."
"Gobosource","ES-LED40E","37.5","25","37.5","0","","4mm Maximum Thickness."
"Gobosource","ES-LED80","66","48","66","0","","4mm Maximum Thickness."
"Gobosource","ES-LED80CE","37.5","28","37.5","0","",""
"Gobotech","GL10C4","37.5","28","37.5","0","",""
"Gobotech","GL30 GEN II","53.3","25","53.3","0","",""
"Gobotech","GL30 XHP70","53.3","25","53.3","0","",""
"Gobotech","GL40 GEN II","53.3","25","53.3","0","",""
"Gobotech","GL80 GEN II","53.3","25","53.3","0","",""
"Gobotech","GL100 GEN II","66","43","66","0","",""
"Gobotech","GL150 GEN II","66","43","66","0","",""
"Gobotech","GL200 GEN II","66","43","66","0","",""
"Gobotech","GL300 GEN II","66","43","66","0","",""
"Gobotech","Gobozoom USB","27.5","19","26.5","1","Nearest size is 1 mm under the holder","1.1mm Maximum Thickness."
"Gobotech","K10","32","24","31.5","0.5","",""
"Gobotech","K20","32","24","31.5","0.5","",""
"Gobotech","M20","37.5","28","37.5","0","",""
"Gobotech","M33","37.5","28","37.5","0","",""
"Gobotech","M38R","37.5","28","37.5","0","",""
"Goldbright","LogoLight ELC 250","46.5","30","44","2.5","Nearest size is 2.5 mm under the holder",""
"Griven","Acrobat PE 250","32","24","31.5","0.5","",""
"Griven","Acrobat PE 250, PE 575","32","24","31.5","0.5","",""
"Griven","Acrobat PE 575","32","24","31.5","0.5","",""
"Griven","Acrobat PE 1200","53.3","40","53.3","0","",""
"Griven","Colour Clip","53.3","40","53.3","0","",""
"Griven","Gobo Clip 150W MSD inc MK3","53.3","40","53.3","0","",""
"Griven","GoboClip MK3 150","53.3","40","53.3","0","",""
"Griven","GoboLED 7-Pro","27","22","26.5","0.5","",""
"Griven","GoboLED 80","53.3","40","53.3","0","",""
"Griven","GoboLED 500","27","22","26.5","0.5","",""
"Griven","Gobostorm","53.3","40","53.3","0","",""
"Griven","Gobostorm Plus","53.3","40","53.3","0","",""
"Griven","Inse 575","60","33","53.3","6.7","Nearest size is 6.7 mm under the holder",""
"Griven","Magic Scan","39","32","37.5","1.5","Nearest size is 1.5 mm under the holder",""
"Griven","Popscan","32","24","31.5","0.5","",""
"Griven","Profile 650","65.5","49.5","53.3","12.2","Nearest size is 12.2 mm under the holder",""
"Griven","Profile 1000","65.5","49.5","53.3","12.2","Nearest size is 12.2 mm under the holder",""
"Griven","Profile 2000","86","64.5","86","0","",""
"Griven","ProMotion 1200","53.3","40","53.3","0","",""
"Griven","Scavision","32","24","31.5","0.5","",""
"GTD","GTD-330C","14.4","9.5","","","No production size at or below 14.4 mm","1.1mm Maximum Thickness."
"GTD","GTD-440","14.4","6.5","","","No production size at or below 14.4 mm","1.1mm Maximum Thickness."
"GTD","GTD-1500","33","27","32.7","0.3","",""
"GTD","GTD-LM600","35.9","30","35.3","0.6","",""
"Hedler","Profispot","25","22","25","0","",""
"Hensel","Projector Attachment 618","86","64.5","86","0","",""
"Hensel","Super Spot","86","64.5","86","0","",""
"High End Systems","Cyberlight","44","36","44","0","","1.75mm Maximum Thickness. GoboPlus lists image 38mm - verify."
"High End Systems","Cyberlight Turbo","44","38","44","0","","1.75mm Maximum Thickness."
"High End Systems","Image Marketing Projector","37.5","35","37.5","0","","GoboPlus lists image 28mm - verify."
"High End Systems","Intellabeam","25","22","25","0","",""
"High End Systems","Intellabeam 700 HX","25","22","25","0","",""
"High End Systems","SHOWGUN","64.9","53","53.3","11.6","Nearest size is 11.6 mm under the holder","64.9mm Glass without ring. GoboPlus lists glass B-86mm; image 64.5mm - verify."
"High End Systems","Sola Spot 2000","30","25","29.9","0.1","",""
"High End Systems","SolaFrame 750","30","24","29.9","0.1","","Potentially very hot. GoboPlus lists image 21mm - verify."
"High End Systems","SolaFrame 1000","30","24","29.9","0.1","","Potentially very hot."
"High End Systems","SolaFrame 1500","30","24","29.9","0.1","","Potentially very hot. GoboPlus lists image 25mm - verify."
"High End Systems","SolaFrame 2000","30","24","29.9","0.1","","Potentially very hot."
"High End Systems","SolaFrame 2000 - Fixed, Metal Gobo Only","34","27","33.8","0.2","",""
"High End Systems","SolaFrame 2000 - Rotating","30","24","29.9","0.1","","1.2mm Maximum Thickness."
"High End Systems","SolaFrame 3000 - Fixed, Metal Gobos Only","33","25","32.7","0.3","",""
"High End Systems","SolaFrame - 3000 Rotating, Glass Only","30","25","29.9","0.1","","1.1mm Maximum Thickness."
"High End Systems","SolaFrame Studio","25","20","25","0","","1.1mm Maximum Thickness."
"High End Systems","SolaFrame Theatre","30","24","29.9","0.1","","Potentially very hot. GoboPlus lists image 25mm - verify."
"High End Systems","SolaHyBeam 1000","30","25","29.9","0.1","","1.1mm Maximum Thickness."
"High End Systems","SolaHyBeam 2000","30","25","29.9","0.1","","1.25mm Maximum Thickness."
"High End Systems","SolaHyBeam 3000","30","25","29.9","0.1","","1.1mm Maximum Thickness."
"High End Systems","SolaSpot 1000","30","25","29.9","0.1","",""
"High End Systems","SolaSpot 3000 - Fixed, Metal Only","30","25","29.9","0.1","",""
"High End Systems","SolaSpot 3000 - Rotating, Glass Only","30","25","29.9","0.1","","1.1mm Maximum Thickness."
"High End Systems","SolaSpot LED","27","20","26.5","0.5","","1.1mm Maximum Thickness."
"High End Systems","SolaSpot Pro 1000","30","25","29.9","0.1","",""
"High End Systems","SolaSpot Pro 1500","30","25","29.9","0.1","",""
"High End Systems","SolaSpot Pro 2000","30","25","29.9","0.1","",""
"High End Systems","SolaSpot Pro CMY","28.75","23.4","27.8","0.95","",""
"High End Systems","SolaSpot Pro CMY LED","28.75","23","27.8","0.95","",""
"High End Systems","Studio Spot 250","25","19","25","0","",""
"High End Systems","Studio Spot 250 (not FX)","25","22","25","0","","Gobo holder: Gobo Wheel."
"High End Systems","Studio Spot 250 FX","36.3","30","35.3","1","Nearest size is 1 mm under the holder","Gobo holder: FX Wheel."
"High End Systems","Studio Spot 575","36.4","31.75","35.3","1.1","Nearest size is 1.1 mm under the holder",""
"High End Systems","Studio Spot 575 FX","36.3","30","35.3","1","Nearest size is 1 mm under the holder","Gobo holder: FX Wheel."
"High End Systems","Technobeam","25","20","25","0","",""
"High End Systems","Technobeam FX","36.3","30","35.3","1","Nearest size is 1 mm under the holder","Gobo holder: FX Wheel."
"High End Systems","Technobeam FX Wheel","36","26","35.3","0.7","","Use 35.3mm Glass without ring."
"High End Systems","Technospot","29","24","27.8","1.2","Nearest size is 1.2 mm under the holder",""
"High End Systems","Trackspot","25","22","25","0","","Cannot supply, only takes METAL GOBOS. GoboPlus lists image 20mm - verify."
"High End Systems","Trackspot Bolt","29","23","27.8","1.2","Nearest size is 1.2 mm under the holder","Gobo holder: FX Wheel."
"High End Systems","X-Spot","36.4","31.75","35.3","1.1","Nearest size is 1.1 mm under the holder","GoboPlus lists image 30mm - verify."
"Highlight","Infinity IS-100 LED","27","23","26.5","0.5","",""
"Highlite","Artecta Display Track Profile 50 SW","23","21","22.5","0.5","","Metal gobos only."
"Highlite","Artecta Image Spot 100","23.8","15","23.7","0.1","",""
"Highlite","Artecta Image Spot 150 CW","28.8","26","27.8","1","Nearest size is 1 mm under the holder",""
"Highlite","Artecta Image Spot 170 FC","56","53","53.3","2.7","Nearest size is 2.7 mm under the holder","Glass gobos only."
"Highlite","Artecta Image Spot 200","28.6","20","27.8","0.8","",""
"Highlite","FX Image Spot","34.5","25","33.8","0.7","",""
"Highlite","Infinity Furion P402 Profile","20","15","20","0","","Glass gobos only."
"Highlite","Infinity Furion P602 Profile","25","18","25","0","",""
"Highlite","Infinity Furion S602 Spot","25","18","25","0","",""
"Highlite","Infinity Furion SP402 Spot","20","15","20","0","",""
"Highlite","Infinity IB-16R Hybrid","15.7","12","","","No production size at or below 15.7 mm","1.1mm Maximum Thickness."
"Highlite","Infinity S201 Spot","25.8","22.5","25.5","0.3","",""
"Holiday Projectors","Super Bleft Holiday Projector","27.9","22.5","27.8","0.1","",""
"Hubbell","HX150, 250, 500","32.5","28","31.5","1","Nearest size is 1 mm under the holder",""
"Hutton Lighting","P650","65.5","49.5","53.3","12.2","Nearest size is 12.2 mm under the holder","Gobo holder: GH15. M size."
"Icon","Icon","53.3","40","53.3","0","",""
"Iguzzini","EN24 Palco Framer","40","30","37.5","2.5","Nearest size is 2.5 mm under the holder",""
"Iguzzini","EN27 Palco Framer","67","40","66","1","Nearest size is 1 mm under the holder","Glass gobos only."
"Iguzzini","EN27 Palco In/Out framer","67","40","66","1","Nearest size is 1 mm under the holder","Glass gobos only."
"Iguzzini","Le Perroquet","66","30","66","0","","Glass gobos only."
"Iguzzini","Le Perroquet 100W","42.9","26","37.5","5.4","Nearest size is 5.4 mm under the holder","Glass gobos only."
"Iguzzini","Palco MT85","70","40","70","0","","Gobo holder: Glass only- 40mm with 70mm Donut."
"Iguzzini","Palco MT85 - Glass Only","50","35","50","0","",""
"Ikea","Isbrytare","50","32","50","0","","GoboPlus lists glass 49.5mm; image 35mm - verify."
"Ikea","Item no. 21790","44","20","44","0","","New Ikea light specification from Emma Livesey."
"iLED","LED Spot 1000, 2000","25.5","19","25.5","0","",""
"iLED","LED Spot 4000","32.75","24","32.7","0.05","",""
"Infinity","Gobo Tunnel","28","24","27.8","0.2","",""
"InstaGobo","SP1520 15W","37","23","35.3","1.7","Nearest size is 1.7 mm under the holder",""
"iSolution","iMove 575S","26.8","21","26.5","0.3","",""
"ITO","ITO","50","35","50","0","","Square gobo, not round."
"J Lighting","LED 2000","25.7","19","25.5","0.2","",""
"James Thomas","650W Profile","53.3","40","53.3","0","","Gobo holder: GH12 metal."
"James Thomas","Image +3","37.5","28","37.5","0","",""
"JB (Systems)","Challenger BSW","23.8","20","23.7","0.1","",""
"JB (Systems)","LED Rotogobo","28","23","27.8","0.2","",""
"JB (Systems)","Mini Logo","26.8","22","26.5","0.3","",""
"JB (Systems)","Outdoor LED Roto Gobo","37.5","24.5","37.5","0","",""
"JB Lighting","M18 Profile","33.9","26","33.8","0.1","","Glass gobos only."
"JB Lighting","P7 Spot","27.9","23","27.8","0.1","",""
"JB Lighting","P9 Spot","19.9","15","16","3.9","Nearest size is 3.9 mm under the holder","Glass gobos only. 1.1mm Maximum Thickness."
"JB Lighting","P10 Profile","19.9","15","16","3.9","Nearest size is 3.9 mm under the holder","Glass gobos only. 1.1mm Maximum Thickness."
"JB Lighting","P12 Profile","27.9","22","27.8","0.1","","1.1mm Maximum Thickness."
"JB Lighting","P12 Spot","27.9","22","27.8","0.1","","1.1mm Maximum Thickness."
"JB Lighting","P12 Wash","27.9","22","27.8","0.1","","1.1mm Maximum Thickness."
"JB Lighting","P15","27.9","22","27.8","0.1","","Glass gobos only. 1.1mm Maximum Thickness."
"JB Lighting","P18 Mk2","33.9","26","33.8","0.1","","Glass gobos only. 1.1mm Maximum Thickness."
"JB Lighting","P18 Profile","33.9","26","33.8","0.1","","1.1mm Maximum Thickness."
"JB Lighting","P18 Wash","33.9","28","33.8","0.1","","1.1mm Maximum Thickness."
"JB Lighting","Vary Scan 3","25","12","25","0","",""
"JB Lighting","Vary Scan 4, 5","51.8","45","50","1.8","Nearest size is 1.8 mm under the holder",""
"JB Lighting","Varyscan 6","37.5","28","37.5","0","",""
"JB Lighting","Varyscan 7 1200 HMI","51.8","45","50","1.8","Nearest size is 1.8 mm under the holder",""
"JB Lighting","Varyscan P3 250 HTI","37.5","28","37.5","0","",""
"JB Lighting","Varyscan P6 575 HMI","51.8","45","50","1.8","Nearest size is 1.8 mm under the holder",""
"JF (Lighting)","Projector","68","35","66","2","Nearest size is 2 mm under the holder",""
"Jocker","Halo 250W","53.3","40","53.3","0","",""
"Kleigel","3.5"" Ellipsoidal","65.5","49.5","53.3","12.2","Nearest size is 12.2 mm under the holder",""
"La Conch","Vision Light","53.3","40","53.3","0","",""
"Lampo","Columbus, Raffello, Sentisi","32","25","31.5","0.5","",""
"Lastolite (Manfrotto)","Strobo Kit","86","64.5","86","0","",""
"LDR","Alba 8/22, 18/36, 30/55","86","64.5","86","0","",""
"LDR","Arpa 8/22, 18/36, 30/55","86","64.5","86","0","",""
"LDR","Astro 250","86","64.5","86","0","",""
"LDR","Astro 250 HP","86","64.5","86","0","",""
"LDR","Astro 600","86","64.5","86","0","",""
"LDR","Canto 250 HR MK2","86","64.5","86","0","",""
"LDR","Canto 250 MSD","65.5","49.5","53.3","12.2","Nearest size is 12.2 mm under the holder",""
"LDR","Canto 575 MSD / MSR MK2 120V, 230V, 250V","86","64.5","86","0","",""
"LDR","Canto 700 MSD / MSR MK2 120V, 230V","86","64.5","86","0","",""
"LDR","Canto 1000, 1200, 2000 TH MK2","86","64.5","86","0","",""
"LDR","Canto 1200 MSD / MSR MK2 120V, 230V","86","64.5","86","0","",""
"LDR","Canto 1500, 2000 MSR FF","86","64.5","86","0","",""
"LDR","Cetra 10/28, 20/40","65.5","49.5","53.3","12.2","Nearest size is 12.2 mm under the holder",""
"LDR","Nota 8/22, 18/36, 30/55","86","64.5","86","0","",""
"LDR","Soffio","65.5","49.5","53.3","12.2","Nearest size is 12.2 mm under the holder",""
"LDR","Suono 10/28 +, 20/40 +","65.5","49.5","53.3","12.2","Nearest size is 12.2 mm under the holder",""
"LDR","Tono 8/22, 18/36, 30/55","86","64.5","86","0","",""
"Lee Colortran","Windsor","100","75","100","0","","Gobo holder: GH01 metal, GH02 glass."
"Lee Colortran","Windsor","86","64.5","86","0","","Gobo holder: GH03 metal."
"Leviton","LEO Ellipsoidal","100","58","100","0","","GoboPlus lists image 75mm - verify."
"Light Emotion","Logo Star","37.5","28","37.5","0","",""
"Light Emotion","Moving Head 75W","24","20","23.7","0.3","",""
"Light Sky","1200W Moving Head","27.5","22","26.5","1","Nearest size is 1 mm under the holder",""
"Light Sky","Scope T1","22.9","17","22.5","0.4","",""
"Lighting Services Inc.","BP75","53.3","40","53.3","0","",""
"Litelees","Big Hero 330","10","8","","","No production size at or below 10 mm",""
"Ljusdesign","Arty Framer","22.5","14","22.5","0","",""
"Ljusdesign","Neo Framer","37.5","28","37.5","0","",""
"LSW","Logo Star","37.5","28","37.5","0","",""
"LSW","Solo 250","26.9","22","26.5","0.4","",""
"Mad","Axis (AX15) 250, 250 Pro","37.5","28","37.5","0","",""
"Mad","EVL Pro 250","26.5","20","26.5","0","",""
"Mad","IMP Image Marketing projector 1.6, 2.6","37.5","28","37.5","0","",""
"Mad","ITM 250, 250R Scan","37.5","28","37.5","0","",""
"Mad","Q Scan EXP","37.5","28","37.5","0","",""
"MagnetMod","MAGMOD","85×60","40","","","Not a standard round size","Metal gobos only. Rectangular gobo, not round."
"Marq","Gesture Spot 350, 500","23.5","19","22.5","1","Nearest size is 1 mm under the holder",""
"Marq","Onset 120WW","86","64.5","86","0","",""
"Martin Professional","Axiom","13.9","9","","","No production size at or below 13.9 mm","High Intensity (Heavy Matted)."
"Martin Professional","Axiom Hybrid - Special Coating required","13.9","9","","","No production size at or below 13.9 mm",""
"Martin Professional","CX 10 Projector","22.5","17","22.5","0","",""
"Martin Professional","CX-10","22.5","17","22.5","0","",""
"Martin Professional","EGO 1-3","22.5","16","22.5","0","",""
"Martin Professional","Ego 2","22.5","17","22.5","0","",""
"Martin Professional","ELP A Size Holder","100","75","100","0","",""
"Martin Professional","ELP B Size Holder","86","64.5","86","0","",""
"Martin Professional","ELP CL - A Size Holder","100","75","100","0","",""
"Martin Professional","ELP CL - B Size Holder","86","64.5","86","0","",""
"Martin Professional","Era 300","26.8","19","26.5","0.3","","Glass gobos only. 1.1mm Maximum Thickness."
"Martin Professional","Era 400","26.8","19","26.5","0.3","","Glass gobos only. 1.1mm Maximum Thickness."
"Martin Professional","Era 600","23","19","22.5","0.5","","Glass gobos only. 1.1mm Maximum Thickness."
"Martin Professional","ERA 700 IP Glass only","23","19","22.5","0.5","",""
"Martin Professional","Era 800","30","25","29.9","0.1","","Glass gobos only. 1.1mm Maximum Thickness."
"Martin Professional","Exterior 400 Image Projector","27.9","23","27.8","0.1","","1.8mm Maximum Thickness."
"Martin Professional","Exterior 400 IP","27.9","17","27.8","0.1","",""
"Martin Professional","Exterior 1200","53.3","48","53.3","0","",""
"Martin Professional","Exterior 1200 Image Projector","53.3","48","53.3","0","",""
"Martin Professional","Exterior Projection Pro Compact","19","15","16","3","Nearest size is 3 mm under the holder",""
"Martin Professional","Exterior Projector 500 IP","30","23","29.9","0.1","","Glass gobos only."
"Martin Professional","Exterior Projector 1000 IP","30","26","29.9","0.1","","Glass gobos only."
"Martin Professional","Imager","53.3","40","53.3","0","",""
"Martin Professional","Imagescan","53.3","44","53.3","0","","GoboPlus lists image 40mm - verify."
"Martin Professional","Mac 250","22.5","17","22.5","0","",""
"Martin Professional","Mac 250 / 250+","22.5","17","22.5","0","",""
"Martin Professional","Mac 250 Entour","22.5","17","22.5","0","",""
"Martin Professional","Mac 250 krypton","22.5","17","22.5","0","",""
"Martin Professional","Mac 350 Entour","27.9","23","27.8","0.1","",""
"Martin Professional","Mac 500","27.9","23","27.8","0.1","",""
"Martin Professional","Mac 550","27.8","23","27.8","0","",""
"Martin Professional","Mac 550 Profile","27.9","23","27.8","0.1","",""
"Martin Professional","Mac 575 Krypton","27.9","23","27.8","0.1","",""
"Martin Professional","Mac 700","27.8","23","27.8","0","",""
"Martin Professional","Mac 700 Profile","27.9","23","27.8","0.1","",""
"Martin Professional","Mac 1200","53.3","40","53.3","0","",""
"Martin Professional","Mac 2000","37.5","28","37.5","0","",""
"Martin Professional","Mac 2000 Rotating","37.5","30","37.5","0","",""
"Martin Professional","Mac Allure Profile","27.9","24","27.8","0.1","","Glass gobos only."
"Martin Professional","MAC Axiom Hybrid","13.9","9","","","No production size at or below 13.9 mm",""
"Martin Professional","Mac Encore","37.5","27","37.5","0","","Glass gobos only."
"Martin Professional","MAC Encore Performance","37.5","27","37.5","0","",""
"Martin Professional","Mac Encore Performance CLD","37.5","27","37.5","0","","Glass gobos only."
"Martin Professional","Mac Encore Performance WRM","37.5","27","37.5","0","","Glass gobos only."
"Martin Professional","Mac Encore Two","27.1","22","26.5","0.6","","High-temperature glass gobos only. 1.1mm Maximum Thickness."
"Martin Professional","Mac III","37.5","30","37.5","0","",""
"Martin Professional","Mac III Profile","37.5","30","37.5","0","",""
"Martin Professional","Mac III Profile animation wheel","133.9","32","100","33.9","Nearest size is 33.9 mm under the holder","Image area unusually small against the 133.9 mm glass - verify."
"Martin Professional","Mac Quantum Profile","27.9","24","27.8","0.1","",""
"Martin Professional","Mac Ultra","37.5","29","37.5","0","","High Intensity (Heavy Matted)."
"Martin Professional","Mac Ultra Performance","37.5","30","37.5","0","","1.1mm Maximum Thickness."
"Martin Professional","Mac Viper","37.5","27","37.5","0","",""
"Martin Professional","Mac Viper Air-FX","37.5","27","37.5","0","","Glass gobos only."
"Martin Professional","Mac Viper Beam","37.5","27","37.5","0","","Glass gobos only."
"Martin Professional","Mac Viper Performance","37.5","27","37.5","0","","Glass gobos only."
"Martin Professional","Mac Viper Profile","37.5","27","37.5","0","","Glass gobos only."
"Martin Professional","Mac Viper Quadray","37.5","27","37.5","0","",""
"Martin Professional","Mac Viper Quadray Aerial Effects","47","36","44","3","Nearest size is 3 mm under the holder",""
"Martin Professional","MAC Viper XIP","27.1","22","26.5","0.6","","High-temperature glass gobos only."
"Martin Professional","Mania DC3","54","38","53.3","0.7","",""
"Martin Professional","Mania DR1","53.3","40","53.3","0","",""
"Martin Professional","Mania EF3","54","43","53.3","0.7","",""
"Martin Professional","Mania PR1","53.3","40","53.3","0","",""
"Martin Professional","Mania SCX-600","22.5","17","22.5","0","",""
"Martin Professional","Mania SCX-700","22.5","17","22.5","0","",""
"Martin Professional","Mania SCX-800","22.5","17","22.5","0","",""
"Martin Professional","MH1 Rush","26.8","22","26.5","0.3","",""
"Martin Professional","MH7 Hybrid","14","7","","","No production size at or below 14 mm",""
"Martin Professional","Mini Mac","22.5","17","22.5","0","",""
"Martin Professional","Mini Mac Maestro","37.5","30","37.5","0","","GoboPlus lists image 28mm - verify."
"Martin Professional","Mini Mac Profile","22.5","17","22.5","0","",""
"Martin Professional","MX10 Extreme","22.5","17","22.5","0","",""
"Martin Professional","MX-10","22.5","17","22.5","0","","Maximum Thickness. 1.8mm"
"Martin Professional","Pal 1200 E","53.3","40","53.3","0","",""
"Martin Professional","Pal 1200 Scanner","50","40","50","0","",""
"Martin Professional","PRO 218","14","10","","","No production size at or below 14 mm","Square gobo, not round."
"Martin Professional","Proscan 1220 XR","37.5","28","37.5","0","",""
"Martin Professional","Quantum Profile","27.9","23","27.8","0.1","",""
"Martin Professional","Roboscan 518 Mk 1","25","13","25","0","","Has notches."
"Martin Professional","Roboscan 812","15","13","","","No production size at or below 15 mm",""
"Martin Professional","Roboscan 918","27.8","23","27.8","0","",""
"Martin Professional","Roboscan 1020/1220","37.5","28","37.5","0","",""
"Martin Professional","Roboscan 1220","37.5","28","37.5","0","",""
"Martin Professional","RoboScan Pro 518","21.5","14","21.4","0.1","","Needs Special Holder (Unavailable)."
"Martin Professional","RoboScan Pro 918","27.9","23","27.8","0.1","",""
"Martin Professional","RUSH Gobo Projector 1","37.5","24","37.5","0","",""
"Martin Professional","Rush MH5","24","20","23.7","0.3","",""
"Martin Professional","RUSH MH 7 Hybrid","14","8","","","No production size at or below 14 mm",""
"Martin Professional","SmartMAC","27.9","23","27.8","0.1","",""
"MaxiLed","MaxiGOBO 30","37.5","24","37.5","0","",""
"MaxiLed","MaxiGOBO 60","37.5","24","37.5","0","",""
"MaxiLed","MaxiGOBO 200","25.8","20","25.5","0.3","",""
"MaxiLed","MaxiGOBO 400","25.8","20","25.5","0.3","",""
"MaxiLed","MaxiGobo 600","25.8","20","25.5","0.3","",""
"Microh","Ultra Spot 575 2","26.8","22","26.5","0.3","",""
"Microh","ULTRA SPOT 575 II","26.8","22","26.5","0.3","",""
"Microlite","Microprofile","37.5","28","37.5","0","","Gobo holder: GH14."
"Microlite","Polaris","37.5","28","37.5","0","","Gobo holder: GH14."
"Miltec","Pro Solo 250","26.8","22","26.5","0.3","",""
"Mole Richardson","Mole Richardson","168","28","100","68","Nearest size is 68 mm under the holder","Non-circular; check with manufacturing. Image area unusually small against the 168 mm glass - verify."
"Movitec","SL250, 575","26.8","22","26.5","0.3","",""
"Multiblitz","Spot 500","86","64.5","86","0","",""
"Multiblitz","Universal Snoot","86","64.5","86","0","",""
"Nanlite","Forza 60 & 60B Projection Attachment","78","55","70","8","Nearest size is 8 mm under the holder","Metal gobos only."
"Nicols","BSW 10R","15","12","","","No production size at or below 15 mm",""
"Nicols","BSW 17R IP","15","11","","","No production size at or below 15 mm","Glass gobos only."
"Nicols","BSW 200 LED","24","20","23.7","0.3","",""
"Nicols","GP 80R1 1P","54","45","53.3","0.7","",""
"Nicols","GP 200 R1 IP Z","25","21","25","0","",""
"Nicols","IP 20 F1 IP","37","26","35.3","1.7","Nearest size is 1.7 mm under the holder",""
"Nicols","PI 20 F1 ENCA","37","26","35.3","1.7","Nearest size is 1.7 mm under the holder",""
"Nicols","PI 20 R1 IP","37","26","35.3","1.7","Nearest size is 1.7 mm under the holder",""
"Nicols","PI 40 R1 IP - Steel Frame required for magentic mounting","54","44","53.3","0.7","",""
"Nicols","PI 80 F4 IP","30","26","29.9","0.1","",""
"Nicols","PI 80 R1 IP - Steel frame required for magnetic mounting","54","44","53.3","0.7","",""
"Nicols","PI 200 R1 IP - Steel frame required for magnetic mounting","54","44","53.3","0.7","",""
"Nicols","PI 300 R1 IP - Steel frame required with magnetic mounting","54","44","53.3","0.7","",""
"Nicols","SPRINTER HYBRID 200","24","20","23.7","0.3","",""
"Niethammer","Enispot","100","75","100","0","","Gobo holder: GH21 metal."
"Niethammer","Enispot","86","64.5","86","0","","Gobo holder: GH29 metal, GH39 glass."
"Niethammer","Enizoom","100","75","100","0","","Gobo holder: GH21 metal."
"Niethammer","Enizoom","86","64.5","86","0","","Gobo holder: GH29 metal, GH39 glass."
"Niethammer","HPZ","100","75","100","0","",""
"Niethammer","MZU","100","75","100","0","",""
"NJD","Predator","37.5","28","37.5","0","",""
"NJD","RAP 100","40","15","37.5","2.5","Nearest size is 2.5 mm under the holder",""
"NJD","RAP 250","48","28","44","4","Nearest size is 4 mm under the holder",""
"NJD","Vortex","48","28","44","4","Nearest size is 4 mm under the holder",""
"Novalite","Followspot","53.3","40","53.3","0","","Gobo holder: GH42."
"NW Lighting FX","Pass Spot 250 Back Stage","21.8","15","21.4","0.4","","Use 21.4mm glass."
"NW Lighting FX","Pass Spot 250 left Stage","21.8","15","21.4","0.4","","Use 21.4mm glass."
"NW Lighting FX","Pass Spot 250, 575","21.5","15","21.4","0.1","",""
"NW Lighting FX","Pass Spot 575 12","21.8","15","21.4","0.4","","Use 21.4mm glass."
"NW Lighting FX","Pass Spot 575 16","21.8","15","21.4","0.4","","Use 21.4mm glass."
"OmniSistem","Solo 250","26.9","22","26.5","0.4","",""
"OPTI Kinetics","Gobo40","50","40","50","0","",""
"OPTI Kinetics","Gobo Show F1, F2","50","35","50","0","",""
"OPTI Kinetics","GoboPro (rotating)","50","42","50","0","","GoboPlus lists image 35mm - verify."
"OPTI Kinetics","GoboPro (static)","44","42","44","0","","GoboPlus lists image 35mm - verify."
"OPTI Kinetics","GoboPro FX Rotating","50","42","50","0","",""
"OPTI Kinetics","GoboPro FX Static","44","42","44","0","",""
"OPTI Kinetics","GoboPro+ LED Rotating","50","40","50","0","",""
"OPTI Kinetics","GoboPro+ LED Static","44","40","44","0","",""
"OPTI Kinetics","K1","50","35","50","0","",""
"OPTI Kinetics","K2","50","35","50","0","",""
"OPTI Kinetics","K4","50","35","50","0","",""
"OPTI Kinetics","Solar 100","50","35","50","0","",""
"OPTI Kinetics","Solar 100 (rotating)","50","42","50","0","",""
"OPTI Kinetics","Solar 100 (static)","44","42","44","0","",""
"OPTI Kinetics","Solar 250","50","35","50","0","",""
"OPTI Kinetics","Solar 250 (rotating)","50","42","50","0","",""
"OPTI Kinetics","Solar 250 (static)","44","42","44","0","",""
"OPTI Kinetics","Solar 575","50","35","50","0","",""
"Optima","Matrix 300 / 575","26.5","18","26.5","0","",""
"Osram","Kreios G1 LED","37.5","28","37.5","0","",""
"Panavision","DP 70 TS, 75 TED","37.5","28","37.5","0","",""
"Panavision","DP 90","51.8","45","50","1.8","Nearest size is 1.8 mm under the holder",""
"Pani","BP Projector 18cm Square","100","75","100","0","","Gobo holder: GH26 metal."
"Pani","Profile","100","75","100","0","","Gobo holder: GH22 metal."
"Paul C Buff","Eclipse Optical Snoot","60×80","40","","","Not a standard round size","Rectangular gobo, not round."
"Pearl River (PR)","LED 400 Beam","27.8","23","27.8","0","",""
"Pearl River (PR)","Moon","26.9","22","26.5","0.4","",""
"Pearl River (PR)","Nova","24.9","22","23.7","1.2","Nearest size is 1.2 mm under the holder",""
"Pearl River (PR)","Orlando Scan 1200","65.5","49.5","53.3","12.2","Nearest size is 12.2 mm under the holder",""
"Pearl River (PR)","Pilot 150","27.8","22","27.8","0","",""
"Pearl River (PR)","Pilot 150","26.9","22","26.5","0.4","",""
"Pearl River (PR)","Pilot 250","27.8","22","27.8","0","",""
"Pearl River (PR)","Pilot 575","36.3","28","35.3","1","Nearest size is 1 mm under the holder",""
"Pearl River (PR)","Pilot XL 250, SX 250","22.5","17","22.5","0","",""
"Pearl River (PR)","Pilot XL 575, XL 700, XL 1200","36.3","28","35.3","1","Nearest size is 1 mm under the holder",""
"Pearl River (PR)","Solo 250","26.8","19","26.5","0.3","",""
"Pearl River (PR)","Solo 575","36.3","28","35.3","1","Nearest size is 1 mm under the holder",""
"Pearl River (PR)","Solo 1200","36.3","28","35.3","1","Nearest size is 1 mm under the holder",""
"Philips","Deco Flood 2 DVP 628","100","75","100","0","",""
"Philips","Pro Flood Light","100","75","100","0","",""
"Philips","Soprano","38","35","37.5","0.5","",""
"Philips","Urban Scene CGP701","86","64.5","86","0","",""
"Photon Beard","650W, 1200W","65.5","49.5","53.3","12.2","Nearest size is 12.2 mm under the holder",""
"PHOTOOLEX","TF-LS-104FS-B","85","65","70","15","Nearest size is 15 mm under the holder","Metal gobos only. Special Shape with handle."
"Pixapro","EF Mount Optical Snoot Spot Projector","60","45","53.3","6.7","Nearest size is 6.7 mm under the holder",""
"Pixapro","Mini30D","66","45","66","0","",""
"Pixapro","Optical Snoot Spot Projector (NOT EF)","60×80","40","","","Not a standard round size",""
"Playtech","Superspot 250","26.8","22","26.5","0.3","",""
"PR Lighting Ltd.","AQUA 350 Beam","12","6","","","No production size at or below 12 mm",""
"PR Lighting Ltd.","AQUA 600","37.5","26","37.5","0","",""
"PR Lighting Ltd.","AQUA Laser 260 Beam","12","6","","","No production size at or below 12 mm",""
"PR Lighting Ltd.","AQUA LED 600 Spot","37.5","26","37.5","0","",""
"PR Lighting Ltd.","AQUA LED 1500 Spot Rotating","37.5","26","37.5","0","",""
"PR Lighting Ltd.","AQUA LED 1700 Framing Rotating","36.3","26","35.3","1","Nearest size is 1 mm under the holder",""
"PR Lighting Ltd.","AQUA LED 1700 Framing Static","37.5","26","37.5","0","",""
"PR Lighting Ltd.","AQUA LED 1800 Framing Rotating","37.5","24","37.5","0","",""
"PR Lighting Ltd.","AQUA LED 1800 Framing Static","36.3","23","35.3","1","Nearest size is 1 mm under the holder",""
"PR Lighting Ltd.","AQUA Marine 380 Beam Rotating","12","6","","","No production size at or below 12 mm","Glass gobos only."
"PR Lighting Ltd.","AQUA Marine 380 BWS Rotating","10","6","","","No production size at or below 10 mm","Glass gobos only."
"PR Lighting Ltd.","AQUA Marine 480 Beam Rotating","22.5","9","22.5","0","","Glass gobos only."
"PR Lighting Ltd.","AQUA Marine 480 BWS Rotating","25","9","25","0","","Glass gobos only."
"PR Lighting Ltd.","AQUA Marine 580 Beam Rotating","22.5","9","22.5","0","","Glass gobos only."
"PR Lighting Ltd.","AQUA Marine 580 BWS Rotating","22.5","9","22.5","0","","Glass gobos only."
"PR Lighting Ltd.","Axis XTRA 17R","14.9","10","","","No production size at or below 14.9 mm","1mm Maximum Thickness."
"PR Lighting Ltd.","Merlin Rotating","22.5","12","22.5","0","","1.1mm Maximum Thickness."
"PR Lighting Ltd.","Phantom 440","22.5","9","22.5","0","","1.5mm Maximum Thickness."
"PR Lighting Ltd.","Pilot 575","36.3","31.5","35.3","1","Nearest size is 1 mm under the holder",""
"PR Lighting Ltd.","PR 5000 Spot","36.3","24","35.3","1","Nearest size is 1 mm under the holder",""
"PR Lighting Ltd.","PR 6000 Framing Rotating","37.5","25","37.5","0","",""
"PR Lighting Ltd.","PR 6000 Framing Static","36.3","23","35.3","1","Nearest size is 1 mm under the holder",""
"PR Lighting Ltd.","PR 6000 Spot","36.3","26","35.3","1","Nearest size is 1 mm under the holder",""
"PR Lighting Ltd.","PR 6000 Spot Rotating","37.5","25","37.5","0","",""
"PR Lighting Ltd.","PR 6000 Spot Static","36.3","23","35.3","1","Nearest size is 1 mm under the holder",""
"PR Lighting Ltd.","TANGO 1800 Framing Rotating","37.5","24","37.5","0","",""
"PR Lighting Ltd.","TANGO 1800 Framing Static","36.3","23","35.3","1","Nearest size is 1 mm under the holder",""
"PR Lighting Ltd.","TANGO Framing Rotating","37.5","26","37.5","0","",""
"PR Lighting Ltd.","TANGO Spot","37.5","26","37.5","0","",""
"PR Lighting Ltd.","XL 250","22.5","17","22.5","0","",""
"PR Lighting Ltd.","XR 330 Beam II Rotating","12","9","","","No production size at or below 12 mm",""
"PR Lighting Ltd.","XR 330 BWS","15.9","13","","","No production size at or below 15.9 mm",""
"PR Lighting Ltd.","XR 330 Framing","14.8","8","","","No production size at or below 14.8 mm",""
"PR Lighting Ltd.","XR 350 BWS","15.9","12.5","","","No production size at or below 15.9 mm","1.1mm Maximum Thickness."
"PR Lighting Ltd.","XR 350B BWS Rotating","15.9","12.5","","","No production size at or below 15.9 mm",""
"PR Lighting Ltd.","XR 380 Beam Rotating","12","9","","","No production size at or below 12 mm",""
"PR Lighting Ltd.","XR 380 BWS Rotating","15.9","12.5","","","No production size at or below 15.9 mm",""
"PR Lighting Ltd.","XR 440 BWS","15.9","12.5","","","No production size at or below 15.9 mm","1.1mm Maximum Thickness."
"PR Lighting Ltd.","XR 470 BWS","15.9","12.5","","","No production size at or below 15.9 mm","1.1mm Maximum Thickness."
"PR Lighting Ltd.","XR 480 BWS Rotating","15.9","12.5","","","No production size at or below 15.9 mm","1.1mm Maximum Thickness."
"PR Lighting Ltd.","XR 480S BWS Rotating","15.9","12.5","","","No production size at or below 15.9 mm","1.1mm Maximum Thickness."
"PR Lighting Ltd.","XR 580 Beam Rotating","22.5","12","22.5","0","","1.1mm Maximum Thickness."
"PR Lighting Ltd.","XR 580 BWS Rotating","22.5","12","22.5","0","",""
"PR Lighting Ltd.","XR 1000 Framing","36.3","23","35.3","1","Nearest size is 1 mm under the holder",""
"PR Lighting Ltd.","XR 1000 Spot","27.9","23","27.8","0.1","",""
"PR Lighting Ltd.","XR 1000 Spot Rotating","27.8","23","27.8","0","",""
"PR Lighting Ltd.","XR 1000 Spot Static","27.8","23","27.8","0","",""
"PR Lighting Ltd.","XR 1400 Framing Rotating","37.5","26","37.5","0","",""
"PR Lighting Ltd.","XR 1400 Spot Rotating","37.5","26","37.5","0","",""
"PR Lighting Ltd.","XR 1700 Framing Rotating","37.5","26","37.5","0","",""
"PR Lighting Ltd.","XR 1700 Spot Rotating","37.5","26","37.5","0","",""
"PR Lighting Ltd.","XRLED 300 Spot","24","20","23.7","0.3","",""
"PR Lighting Ltd.","XRLED 500 Spot","27.8","23","27.8","0","",""
"PR Lighting Ltd.","XRLED 700 Spot","27.8","23","27.8","0","",""
"PR Lighting Ltd.","XRLED 700 Spot Fixed","27.8","23","27.8","0","","Metal gobos only."
"PR Lighting Ltd.","XRLED 700 Spot Rotating Glass Only","27.8","23","27.8","0","","1.1mm Maximum Thickness."
"PR Lighting Ltd.","XRLED 1200 Spot","31.8","24","31.5","0.3","",""
"PR Lighting Ltd.","XRLED 1500-W Rotating","37.5","24","37.5","0","",""
"PR Lighting Ltd.","XRLED 1500-W Spot","37.5","26","37.5","0","",""
"PR Lighting Ltd.","XRLED 1500-W Spot Rotating","37.5","24","37.5","0","",""
"PR Lighting Ltd.","XRLED 1500-W Static","36.3","23","35.3","1","Nearest size is 1 mm under the holder",""
"PR Lighting Ltd.","XRLED 1800-W Rotating","37.5","24","37.5","0","",""
"PR Lighting Ltd.","XRLED 1800-W Static","36.3","23","35.3","1","Nearest size is 1 mm under the holder",""
"PR Lighting Ltd.","XRLED 3000-W","32","26","31.5","0.5","",""
"PRG","Best Boy LED","31.5","25","31.5","0","",""
"PRG","Icon Stage V3","25.5","20","25.5","0","",""
"Proel","Dreamlight 250","27.5","20","26.5","1","Nearest size is 1 mm under the holder",""
"Proel","Dreamlight 575 New","27","23","26.5","0.5","",""
"Proel","Dreamlight 575 Old","33","27","32.7","0.3","",""
"Proel","Dreamlight 1200 SCN New","37.5","28","37.5","0","",""
"Proel","Dreamlight 1200 SCN Old","65.5","49.5","53.3","12.2","Nearest size is 12.2 mm under the holder",""
"Proel","Joker","55","35","53.3","1.7","Nearest size is 1.7 mm under the holder",""
"Proel","Profile 575S","86","64.5","86","0","",""
"Proel","Tarkus","29","23","27.8","1.2","Nearest size is 1.2 mm under the holder",""
"Proel","Testamobile","26.5","22","26.5","0","",""
"Profoto","MultiSpot","65.5","49.5","53.3","12.2","Nearest size is 12.2 mm under the holder",""
"Profoto","Spot Small","65.5","49.5","53.3","12.2","Nearest size is 12.2 mm under the holder",""
"Profoto","Zoomspot","86","64.5","86","0","","Gobo holder: Sandwich style with 80mm aperture."
"Profoto","Zoomspot","100","75","100","0","","Gobo holder: Sandwich style with 80mm aperture."
"Prograe Systems","Zoomspot Mini","65.5","49.5","53.3","12.2","Nearest size is 12.2 mm under the holder",""
"Proietta","Impressive","70","50","70","0","",""
"Proietta","Impressive Evo 1200 / 2500W","70","50","70","0","",""
"Proietta","Palladio LED 300","70","50","70","0","","Image Area is unconfirmed."
"Proietta","Shark Monster","50","35","50","0","",""
"Proietta","Thorok LED 500W","70","50","70","0","",""
"Proietta","Thorok LED 700","70","50","70","0","",""
"Projected Image","10 Watt Range","37.5","25","37.5","0","","Also listed as AW10."
"Projected Image","20 Watt Range","37.5","25","37.5","0","","Also listed as AW20."
"Projected Image","40/80 Watt Range","53.3","30","53.3","0","","Also listed as AW40 / AW80."
"Projected Image","150/200 Watt Range","66","30","66","0","","Also listed as AW150 / AW200. GoboPlus lists AW150 at 42 mm image - verify. GoboPlus lists AW200 at 42 mm image - verify."
"Projected Image","AW10-C","37.5","25","37.5","0","",""
"Projected Image","AW10-R","37.5","25","37.5","0","",""
"Projected Image","AW 20-C","37.5","25","37.5","0","",""
"Prolight Concepts","Artisan 1200 WW Profile","74.5","63","70","4.5","Nearest size is 4.5 mm under the holder","No glass size available."
"Prolight Concepts","Crystal Spot","24","19","23.7","0.3","",""
"Prolight Concepts","eLumen8 16R Zoom Profile","17.8","11","16","1.8","Nearest size is 1.8 mm under the holder","No glass size available."
"Prolight Concepts","eLumen8 E300 LED Profile","17.8","11","16","1.8","Nearest size is 1.8 mm under the holder","No glass size available."
"Prolight Concepts","eLumen8 Evora 200 Hybrid","16.5","9","16","0.5","","High-temperature glass gobos only."
"Prolight Concepts","eLumen8 Evora 300 CMY","16.5","12.5","16","0.5","","15.9mm Glass. 1.1mm Maximum Thickness."
"Prolight Concepts","eLumen8 Evora 500 Spot","22.9","19","22.5","0.4","","22.5mm Glass. 1.1mm Maximum Thickness."
"Prolight Concepts","eLumen8 Evora 850 Zoom Spot","22.9","19","22.5","0.4","","22.5mm Glass. 1.1mm Maximum Thickness."
"Prolight Concepts","eLumen8 Evora 1000 BSW","14.8","9","","","No production size at or below 14.8 mm","No glass size available."
"Prolight Concepts","eLumen8 Evora 1000 Spot","20.5","16.5","20","0.5","","No glass size available."
"Prolight Concepts","eLumen8 Evora CMY470 Hybrid","17","12","16","1","Nearest size is 1 mm under the holder","No glass size available."
"Prolight Concepts","eLumen8 Evora CMY600","23","19","22.5","0.5","","22.5mm Glass. 1.1mm Maximum Thickness."
"Prolight Concepts","eLumen8 Impact 100","19.3","15","16","3.3","Nearest size is 3.3 mm under the holder","1.1mm Maximum Thickness."
"Prolight Concepts","eLumen8 MS550 LED","26.8","22","26.5","0.3","",""
"Prolight Concepts","eLumen8 MS700PE LED","26.8","22","26.5","0.3","","Gobo holder: Rotating."
"Prolight Concepts","eLumen8 MS700PE LED","31.5","22","31.5","0","","Gobo holder: Static."
"Prolight Concepts","eLumen8 MS700PE LED (Rotating)","26.8","22","26.5","0.3","",""
"Prolight Concepts","eLumen8 MS700PE LED (Static)","31.5","22","31.5","0","",""
"Prolight Concepts","eLumen8 PF LED Profile 100W/150W","70","60","70","0","",""
"Prolight Concepts","eLumen8 Virtuoso","86","64","86","0","","GoboPlus lists image 64.5mm - verify."
"Prolight Concepts","eLumen8 Virtuoso 600 Profile RGBAL","66","49","66","0","","GoboPlus lists glass M-65.5mm; image 49.5mm - verify."
"Prolight Concepts","eLumen8 Virtuoso 1000 Profile","86","64.5","86","0","",""
"Prolight Concepts","Emperor Spot MH 6616","26.8","22","26.5","0.3","",""
"Prolight Concepts","Equinox Fusion 150 Spot","22","16","21.4","0.6","",""
"Prolight Concepts","Equinox Fusion 200 Zoom Spot","23.7","20","23.7","0","","2mm Maximum Thickness."
"Prolight Concepts","Equinox Fusion 400 Hybrid - Rotating","22.8","14","22.5","0.3","","1.1mm Maximum Thickness."
"Prolight Concepts","Equinox Fusion 400 Hybrid - Static","17.9","12","16","1.9","Nearest size is 1.9 mm under the holder","1.1mm Maximum Thickness."
"Prolight Concepts","Equinox Fusion Spot 150","22","16","21.4","0.6","","1.1mm Maximum Thickness."
"Prolight Concepts","Equinox Gobo Projector EQLED78","32.5","22","31.5","1","Nearest size is 1 mm under the holder",""
"Prolight Concepts","Equinox Gobo Projector LED86","28.5","22","27.8","0.7","","27.8mm Glass. GoboPlus lists image 23mm - verify."
"Prolight Concepts","Equinox Gobo Projector XP 80W","44","35","44","0","",""
"Prolight Concepts","Equinox Helix Scan XP 150W Scanner","21.6","14","21.4","0.2","","0.32mm Maximum Thickness."
"Prolight Concepts","Equinox Helix XP 150w Gobo Flower","21.6","14","21.4","0.2","",""
"Prolight Concepts","Equinox Midas Spot","24","19","23.7","0.3","",""
"Prolight Concepts","Equinox Motif Gobo Projector","26.4","21","25.5","0.9","",""
"Prolight Concepts","Equinox MS550","26.8","22","26.5","0.3","",""
"Prolight Concepts","Equinox Promo Spot","28.5","22","27.8","0.7","","27.8mm Glass. GoboPlus lists image 23mm - verify."
"Prolight Concepts","Evora 470 CMY Hybrid","17","12","16","1","Nearest size is 1 mm under the holder",""
"Prolight Concepts","Fusion 200 Zoom Spot","23.8","20","23.7","0.1","",""
"Prolight Concepts","Impact 100 IP65 ELUM440","19.3","15","16","3.3","Nearest size is 3.3 mm under the holder",""
"Prolight Concepts","Impact 100 Pro IP65 ELUM441","19.3","15","16","3.3","Nearest size is 3.3 mm under the holder",""
"Prolight Concepts","Impact 400 IP65 ELUM442","26.4","22","25.5","0.9","",""
"Prolight Concepts","Impact 400 Pro IP65 ELUM443","26.4","22","25.5","0.9","",""
"Prolight Concepts","iSolution iMove 50","24","20","23.7","0.3","",""
"Prolight Concepts","iSolution iMove 150","17.8","15","16","1.8","Nearest size is 1.8 mm under the holder","No glass size available."
"Prolight Concepts","iSolution iMove 250, 275, 575","26.8","20","26.5","0.3","",""
"Prolight Concepts","iSolution iMove 350 S, SR","24","20","23.7","0.3","",""
"Prolight Concepts","iSolution iRock 5S","26.8","20","26.5","0.3","",""
"Prolight Concepts","iSolution Xperior 300A Beam, 700A Beam","26.8","20","26.5","0.3","",""
"Prolight Concepts","iSolution Xperior XP 300SZ Spot","31.5","24","31.5","0","",""
"Prolight Concepts","iSpot 575","26.8","20","26.5","0.3","",""
"Prolight Concepts","Jade Fixture (Gobo Holder: 1.1mm at edge)","15.9","12","","","No production size at or below 15.9 mm","1.1mm Maximum Thickness."
"Prolight Concepts","LED J Artisan 1200","73","64","70","3","Nearest size is 3 mm under the holder","No glass size available."
"Prolight Concepts","LEDJ FS300 LED Followspot","74","64","70","4","Nearest size is 4 mm under the holder","No glass size available. GoboPlus lists glass 74.5mm; image 65mm - verify."
"Prolight Concepts","LEDJ PF 35 Profile Spot","25.8","19","25.5","0.3","",""
"Prolight Concepts","Libretto Mini Bi-CCT Profile","23.5","20","22.5","1","Nearest size is 1 mm under the holder","No glass size available. GoboPlus lists image 20.5mm - verify."
"Prolight Concepts","Libretto Mini RGBAL Profile","23.5","20.5","22.5","1","Nearest size is 1 mm under the holder",""
"Prolight Concepts","Libretto Mini WW Profile","23.5","20.5","22.5","1","Nearest size is 1 mm under the holder",""
"Prolight Concepts","Metal Halide 150W Profile","86","64","86","0","","GoboPlus lists image 64.5mm - verify."
"Prolight Concepts","Moonstone","27","19","26.5","0.5","",""
"Prolight Concepts","PF 35 Profile Spot","25.8","19","25.5","0.3","",""
"Prolight Concepts","Pixie Pro","16.9","14","16","0.9","",""
"Prolight Concepts","Queen Spot MH 666A","26.8","22","26.5","0.3","",""
"Prolight Concepts","Titan Beam T3","9.8","6.5","","","No production size at or below 9.8 mm","No glass size available."
"Prolight Concepts","Wildtech Logo Projector 250 ELC","53.3","40","53.3","0","",""
"Prolights","Aria 700 Profile","26.7","22","26.5","0.2","",""
"Prolights","Astra Hybrid420","15.9","12","","","No production size at or below 15.9 mm","1.1mm Maximum Thickness."
"Prolights","Astra Hybrid420 IP","15.9","12","","","No production size at or below 15.9 mm","1.1mm Maximum Thickness."
"Prolights","Astra Hybrid 330","20","16","20","0","","High-temperature glass gobos only."
"Prolights","Astra Profile400","25.7","19","25.5","0.2","","1.1mm Maximum Thickness."
"Prolights","Astra Profile 600 IP","29.9","22","29.9","0","",""
"Prolights","BATGOBOIR","25.7","19","25.5","0.2","","Metal gobos only."
"Prolights","Crystal Spot Moving Head - max 0.5mm thcikness","23.7","19","23.7","0","",""
"Prolights","ECL Gallery Profile","37.3","26","35.3","2","Nearest size is 2 mm under the holder","1.1mm Maximum Thickness."
"Prolights","EclDat FC","37","23","35.3","1.7","Nearest size is 1.7 mm under the holder",""
"Prolights","EclDisplay Spot","37.5","23","37.5","0","",""
"Prolights","EclipseFS","86","64.5","86","0","",""
"Prolights","EclMiniProfile","37.5","24","37.5","0","",""
"Prolights","EclProfile FC","86","64.5","86","0","",""
"Prolights","EclProfile JrZIP","65.5","45","53.3","12.2","Nearest size is 12.2 mm under the holder","1.1mm Maximum Thickness."
"Prolights","Jade Fixture","15.7","12","","","No production size at or below 15.7 mm","1.1mm Maximum Thickness."
"Prolights","Jade Moving Hybrid","15.9","12","","","No production size at or below 15.9 mm",""
"Prolights","Jet Spot4Z","24.2","20","23.7","0.5","","1.1mm Maximum Thickness."
"Prolights","Jet Spot 2","24.2","20","23.7","0.5","","Metal gobos only."
"Prolights","Jet Spot 3 - Rotating Metal Only","26.7","23","26.5","0.2","",""
"Prolights","Jet Spot 3 - Static Metal Only","29.6","23","27.8","1.8","Nearest size is 1.8 mm under the holder",""
"Prolights","LUMA700 LED","27","21","26.5","0.5","",""
"Prolights","Luma 700 - Fixed Wheel","26.8","20","26.5","0.3","",""
"Prolights","Luma 700 - Rotating","26.5","21","26.5","0","",""
"Prolights","Luma 1500SH","26.7","20","26.5","0.2","","1.1mm Maximum Thickness."
"Prolights","Luma 1500SP","26.7","20","26.5","0.2","","1.1mm Maximum Thickness."
"Prolights","Mosaico","26.9","22","26.5","0.4","","Glass gobos only. Colour Gobos - 20mm."
"Prolights","Mosaico FX100","26.9","22.5","26.5","0.4","","20.5mm Colour Gobos."
"Prolights","Mosaico Jr","15.8","12","","","No production size at or below 15.8 mm","Glass gobos only. 9mm for Colour Gobos."
"Prolights","Mosaico L","26.9","23","26.5","0.4","","Glass gobos only. 20.5mm Colour Glass."
"Prolights","Mosaico XL","26.9","20.5","26.5","0.4","","Glass gobos only."
"Prolights","PanoramaIP AirBeam","15.8","9","","","No production size at or below 15.8 mm","Metal gobos only."
"Prolights","PanoramaIP Spot - Rotating","26","19","25.5","0.5","","2mm Maximum Thickness."
"Prolights","PanoramaIP Spot - Static Metal Only","26","19","25.5","0.5","",""
"Prolights","Pixie Spot","16.9","14","16","0.9","","1.1mm Maximum Thickness."
"Prolights","Ra 2000Profile","26.7","20","26.5","0.2","","1.1mm Maximum Thickness."
"Prolights","Ra 2000ProfileHB","26.7","20","26.5","0.2","","1.1mm Maximum Thickness."
"Prolights","Ra 3000Profile","31.6","26","31.5","0.1","","1.1mm Maximum Thickness."
"Prolights","Razor 440","25.7","13","25.5","0.2","","1.1mm Maximum Thickness."
"Pulsar","Profile Spot","65.5","49.5","53.3","12.2","Nearest size is 12.2 mm under the holder",""
"Pulse","Gobo Projector 30W LED","47.5","35","44","3.5","Nearest size is 3.5 mm under the holder",""
"Pulse","Logo 30","28.6","26","27.8","0.8","",""
"R&V","Profile","100","75","100","0","","Gobo holder: GH23 metal."
"RazTech","Raz25 LED","49.5","28.6","44","5.5","Nearest size is 5.5 mm under the holder",""
"RDS","Projector","100","75","100","0","","Gobo holder: GH54 metal."
"Reggiani","Meridiana Framing Projector","50","40","50","0","",""
"Robe","BMFL Blade","30.8","25","30.8","0","","High Intensity (Heavy Matted)."
"Robe","BMFL Spot","30.8","25","30.8","0","","High Intensity (Heavy Matted)."
"Robe","BMFL Washbeam","30.8","25","30.8","0","","High Intensity (Heavy Matted)."
"Robe","ClubScan 250 CT","15.8","13","","","No production size at or below 15.8 mm","Gobo holder: Rotating Metal short term only. Glass recommended."
"Robe","ClubSpot 160 CT","26.8","22","26.5","0.3","","Gobo holder: Rotating Metal short term only. Glass recommended."
"Robe","ClubSpot 250","26.8","19","26.5","0.3","",""
"Robe","ClubSpot 250 CT","26.8","22","26.5","0.3","","Gobo holder: Rotating Metal short term only. Glass recommended."
"Robe","ColorBeam 700E AT","26.8","22","26.5","0.3","","Gobo holder: Static - Metal short term use only. Rotating - Glass recommended."
"Robe","ColorBeam 2500E AT","37","28","35.3","1.7","Nearest size is 1.7 mm under the holder",""
"Robe","ColorMix 150 AT","26.8","22","26.5","0.3","",""
"Robe","ColorSpot 170","26.8","19","26.5","0.3","",""
"Robe","ColorSpot 170 AT","26.8","22","26.5","0.3","","Gobo holder: Metal short term use only. Glass recommended."
"Robe","ColorSpot 250","26.8","19","26.5","0.3","",""
"Robe","ColorSpot 250 AT","26.8","22","26.5","0.3","",""
"Robe","ColorSpot 575","26.8","19","26.5","0.3","",""
"Robe","ColorSpot 575 AT","26.8","22","26.5","0.3","",""
"Robe","ColorSpot 575 E AT","26.8","22","26.5","0.3","",""
"Robe","ColorSpot 700E AT","26.8","22","26.5","0.3","",""
"Robe","ColorSpot 1200","37.5","29","37.5","0","",""
"Robe","ColorSpot 1200 AT","37","28","35.3","1.7","Nearest size is 1.7 mm under the holder",""
"Robe","ColorSpot 1200E AT","37","28","35.3","1.7","Nearest size is 1.7 mm under the holder",""
"Robe","ColorSpot E AT Profile","37.3","28","35.3","2","Nearest size is 2 mm under the holder","Gobo holder: Rotating - Glass recommended by manufacturer."
"Robe","Cuete","15.9","12.5","","","No production size at or below 15.9 mm","Glass gobos only."
"Robe","DJ Roller 250 XT","15.9","12.5","","","No production size at or below 15.9 mm",""
"Robe","DJ Scan 150 XT, 250 XT","15.9","12.5","","","No production size at or below 15.9 mm",""
"Robe","DL4S Profile","26.8","22","26.5","0.3","",""
"Robe","DL4X Spot","26.8","22","26.5","0.3","",""
"Robe","DL7S Profile","30.8","25","30.8","0","",""
"Robe","Dominator 1200 XT","33","29","32.7","0.3","","Gobo holder: Glass and metal ok."
"Robe","Esprite","26.8","23.5","26.5","0.3","","Manufacturer recommends glass only."
"Robe","Esprite FS","26.8","23.5","26.5","0.3","","Manufacturer recommends glass only."
"Robe","Forte","30.8","25","30.8","0","","Manufacturer recommends glass only."
"Robe","Forte FS","30.8","25","30.8","0","","Manufacturer recommends glass only."
"Robe","Forte Ltx","30.8","25","30.8","0","","Glass gobos only."
"Robe","Gigapointe","15.9","12.5","","","No production size at or below 15.9 mm","High-temperature glass gobos only."
"Robe","iEsprite LTL Rotating Wheel","21.3","18","20","1.3","Nearest size is 1.3 mm under the holder","High-temperature glass gobos only."
"Robe","iEsprite LTL Static Wheel","26.8","18","26.5","0.3","","High-temperature glass gobos only."
"Robe","iForte","30.8","25","30.8","0","","Manufacturer recommends glass only."
"Robe","Image Spot 250","37.5","29","37.5","0","",""
"Robe","ImageSpot 250 AT","37","28","35.3","1.7","Nearest size is 1.7 mm under the holder",""
"Robe","Ipointe","15.9","12.5","","","No production size at or below 15.9 mm","Heat-temperature coating required."
"Robe","iPointe 65","15.9","12.5","","","No production size at or below 15.9 mm","Manufacturer recommends glass only. 1.1mm Maximum Thickness."
"Robe","LED Pointe","15.9","12.5","","","No production size at or below 15.9 mm","Glass gobos only."
"Robe","MegaPointe","15.9","12.5","","","No production size at or below 15.9 mm","1.1mm Maximum Thickness."
"Robe","MH420","27","22","26.5","0.5","",""
"Robe","MMX Blade","26.8","22","26.5","0.3","",""
"Robe","MMX Spot","26.8","22","26.5","0.3","",""
"Robe","MMX WashBeam","26.8","22","26.5","0.3","",""
"Robe","MS Zoom 250","37.5","19","37.5","0","",""
"Robe","MS Zoom 250 XT","37.3","28","35.3","2","Nearest size is 2 mm under the holder","Gobo holder: Glass and metal ok."
"Robe","Painte","15.9","12.5","","","No production size at or below 15.9 mm","Glass gobos only."
"Robe","Pointe","15.9","12.5","","","No production size at or below 15.9 mm","1.1mm Maximum Thickness."
"Robe","Recessed Spot 170 AT","26.8","22","26.5","0.3","",""
"Robe","Robin 300 Beam Classic","26.8","22","26.5","0.3","","Gobo holder: Rotating - Glass recommended by manufacturer."
"Robe","Robin 300 Plasma Spot","26.8","22","26.5","0.3","","Gobo holder: Static - Metal short term use only. Rotating - Glass recommended by manufacturer."
"Robe","Robin 300 Spot Classic","26.8","22","26.5","0.3","","Gobo holder: Rotating - Metal short term use only. Glass recommended."
"Robe","Robin 300E Beam","26.8","22","26.5","0.3","","Gobo holder: Rotating - Glass recommended by manufacturer."
"Robe","Robin 300E Spot","26.8","22.5","26.5","0.3","","Glass gobos only."
"Robe","Robin 600E Beam","26.8","22","26.5","0.3","","Gobo holder: Rotating - Glass recommended by manufacturer."
"Robe","Robin 600E Spot","26.8","22","26.5","0.3","",""
"Robe","Robin DL4S Profile","26.8","22","26.5","0.3","","Gobo holder: Static - Metal short term use only. Rotating - Glass recommended only."
"Robe","Robin DL4X Profile","26.8","22","26.5","0.3","","Gobo holder: Static - Metal short term use only. Rotating - Glass recommended by manufacturer."
"Robe","Robin DL7S Profile","30.8","25","30.8","0","",""
"Robe","Robin DLS Profile","26.8","22","26.5","0.3","","Gobo holder: Rotating Glass & Metal ok."
"Robe","Robin DLX Spot","26.8","22","26.5","0.3","",""
"Robe","Robin MMX","26.8","22","26.5","0.3","",""
"Robe","Robin MMX Blade","26.8","22","26.5","0.3","",""
"Robe","Scan 250","26.8","19","26.5","0.3","",""
"Robe","Scan 250 XT","26.8","22","26.5","0.3","",""
"Robe","Scan 575","26.8","19","26.5","0.3","",""
"Robe","Scan 575 XT","26.8","22","26.5","0.3","",""
"Robe","Scan 1200 XT","53.3","40","53.3","0","",""
"Robe","Silverscan","26.8","20","26.5","0.3","","Manufacturer recommends glass only."
"Robe","Spot 160","26.8","19","26.5","0.3","",""
"Robe","Spot 160 XT","26.8","22","26.5","0.3","",""
"Robe","Spot 250","26.8","19","26.5","0.3","",""
"Robe","Spot 250 XT","26.8","22","26.5","0.3","",""
"Robe","Spot 575","26.8","19","26.5","0.3","",""
"Robe","Spot 575 XT","26.8","22","26.5","0.3","","Gobo holder: Rotating and Static, Metal (short term use) and Glass."
"Robe","Spote","15.9","12.5","","","No production size at or below 15.9 mm","Manufacturer recommends glass only. 1.1mm Maximum Thickness."
"Robe","Superspikie","26.8","22.5","26.5","0.3","","Manufacturer recommends glass only."
"Robe","T1 Profile Spot","26.8","23.5","26.5","0.3","","Manufacturer recommends glass only."
"Robe","T2 Profile","30.8","25","30.8","0","","Manufacturer recommends glass only."
"Robe","T2 Profile FS","30.8","25","30.8","0","","Manufacturer recommends glass only."
"Robe","T11 Profile (Glass only)","26.8","23.5","26.5","0.3","",""
"Robe","TX1","26.8","23.5","26.5","0.3","","Glass gobos only."
"Robe","Viva","26.8","22","26.5","0.3","","Glass gobos only."
"Robert Juliat","Alex","100","72","100","0","",""
"Robert Juliat","Alice","100","72","100","0","",""
"Robert Juliat","Aramis","86","55","86","0","",""
"Robert Juliat","Arthur","100","70","100","0","",""
"Robert Juliat","Athos","100","75","100","0","",""
"Robert Juliat","Buxie Follow Spot","100","75","100","0","",""
"Robert Juliat","Charles 960SX Range","100","70","100","0","",""
"Robert Juliat","Cricket","100","72","100","0","",""
"Robert Juliat","Cyrano","86","55","86","0","",""
"Robert Juliat","D'Artagnan","86","64.5","86","0","",""
"Robert Juliat","Flo","100","72","100","0","",""
"Robert Juliat","Foxie Follow Spot","100","75","100","0","",""
"Robert Juliat","Ginger","100","72","100","0","",""
"Robert Juliat","Lancelot","100","72","100","0","",""
"Robert Juliat","Lucy","100","72","100","0","",""
"Robert Juliat","Manon","100","72","100","0","",""
"Robert Juliat","Merlin","100","70","100","0","",""
"Robert Juliat","Oz","100","72","100","0","",""
"Robert Juliat","RJ 600","86","64.5","86","0","","Gobo holder: GH58 metal and glass."
"Robert Juliat","RJ 600","100","75","100","0","","Gobo holder: GH70 metal."
"Robert Juliat","RJ 700","86","64.5","86","0","","Gobo holder: GH58 metal and glass."
"Robert Juliat","RJ 700","100","75","100","0","","Gobo holder: GH70 metal."
"Robert Juliat","RJ 900","86","64.5","86","0","","Gobo holder: GH58 metal and glass."
"Robert Juliat","RJ 900","100","75","100","0","","Gobo holder: GH70 metal."
"Robert Juliat","Robert Juliat A-Size","100","58","100","0","",""
"Robert Juliat","Robert Juliat B-Size","84","58","70","14","Nearest size is 14 mm under the holder",""
"Robert Juliat","Roxie Follow Spot","100","75","100","0","",""
"Robert Juliat","Sully 650SX Range","100","70","100","0","",""
"Robert Juliat","Sully 1156","100","72","100","0","",""
"Robert Juliat","Super Korrigan","100","72","100","0","",""
"Robert Juliat","SX","100","75","100","0","",""
"Robert Juliat","Tibo 500W only","65.5","49.5","53.3","12.2","Nearest size is 12.2 mm under the holder",""
"Robert Juliat","Topaze","100","72","100","0","",""
"Robert Juliat","Victor","100","72","100","0","",""
"Robert Juliat","ZEP2 640SX2 Range","100","70","100","0","",""
"Robert Juliat","ZEP 663SX2 Range","100","70","100","0","",""
"Roblight","Gobo Spot","22.5","14","22.5","0","",""
"Rosco","Image Spot","37.5","28","37.5","0","","Gobo holder: Rosco supply gobo with bezel to fit integral holder."
"Rosco","Image Spot Mini","20.5","13.5","20","0.5","",""
"Sagitter","FleXo","27","22","26.5","0.5","",""
"Sagitter","FleXo Super","27","22","26.5","0.5","",""
"Sagitter","Infinity - all models","65.5","49.5","53.3","12.2","Nearest size is 12.2 mm under the holder",""
"Sagitter","Moving FX 2002","37","28","35.3","1.7","Nearest size is 1.7 mm under the holder",""
"Sagitter","Moving Spot 575, MSD 250","27","22","26.5","0.5","",""
"Sagitter","Tracer Follow Spot 1200","65.5","49.5","53.3","12.2","Nearest size is 12.2 mm under the holder",""
"Scanic","Astute 575 Pro","29","22","27.8","1.2","Nearest size is 1.2 mm under the holder",""
"Scenilux","8/30 Profile","86","64.5","86","0","",""
"Schreder","VALINTA Mini Gobo","37.5","28","37.5","0","",""
"Selecon","Accent","37.5","24","37.5","0","",""
"Selecon","Accent Profile / Aureol","37.5","28","37.5","0","",""
"Selecon","Acclaim","65.5","49.5","53.3","12.2","Nearest size is 12.2 mm under the holder","Gobo holder: GH60 metal."
"Selecon","All Acclaim Profiles","66","59","66","0","",""
"Selecon","Arena Zoomspot","100","75","100","0","","Gobo holder: GH01 metal, GH02 glass."
"Selecon","Astral","65.5","49.5","53.3","12.2","Nearest size is 12.2 mm under the holder","Gobo holder: GH60 metal."
"Selecon","Aureol Beamshaper","37.5","24","37.5","0","",""
"Selecon","Condenser 1200","86","59","86","0","","GoboPlus lists glass A-100mm; image 75mm - verify."
"Selecon","Display Profile / SDP","37.5","28","37.5","0","","24mm for logos."
"Selecon","Pacific 5.5-13 Zoom","66","59","66","0","",""
"Selecon","Pacific 12-28 Zoom","66","59","66","0","",""
"Selecon","Pacific 12/28, 18/32, 5/13","65.5","49.5","53.3","12.2","Nearest size is 12.2 mm under the holder","Gobo holder: GH81 metal."
"Selecon","Pacific 14-35 Zoom","86","59","86","0","",""
"Selecon","Pacific 14/35","86","64.5","86","0","","Gobo holder: 15786 metal and glass, GH78 metal, GH79 glass."
"Selecon","Pacific 20, 30, 40, 50, 90 Fixed Beam","100","75","100","0","",""
"Selecon","Pacific 23-50 Zoom","100","59","100","0","",""
"Selecon","Pacific 25/30, 45/75","100","75","100","0","","Gobo holder: GH72 metal, GH80 glass."
"Selecon","Pacific Cool Light 90","86","64.5","86","0","","Gobo holder: 15786 metal and glass, GH78 metal, GH79 glass."
"Selecon","Pacific Fixed Beams","100","59","100","0","",""
"Selecon","Performer","53.3","40","53.3","0","",""
"Selecon","PL Profile 1 LED","65.5","49.5","53.3","12.2","Nearest size is 12.2 mm under the holder",""
"Selecon","PL Profile 4 LED","86","64.5","86","0","",""
"Selecon","Rua Followspot","86","64.5","86","0","",""
"Selecon","Solon","37.5","28","37.5","0","",""
"Selecon","SPX Zoomspot","86","64.5","86","0","",""
"Selecon","Tahi","86","64.5","86","0","",""
"Selecon","The Arena Range","100","59","100","0","",""
"Selecon","Toru Followspot","86","64.5","86","0","",""
"Selecon","Zoomspot 1200","86","59","86","0","","GoboPlus lists glass A-100mm; image 75mm - verify."
"Selecon","Zoomspot 2000","100","75","100","0","","Gobo holder: GH01 metal, GH02 glass."
"Selecon","Zoomspot 2500","100","75","100","0","","Gobo holder: GH01 metal, GH02 glass."
"Selecon","Zoomspot 6501","100","75","100","0","","Gobo holder: GH01 metal, GH02 glass."
"Selux","LIF Gobo Projector","50","40","50","0","",""
"Selux","Olivio Grande Gobo","50","40","50","0","",""
"SGM (Italy)","Colorlab","33.9","28","33.8","0.1","",""
"SGM (Italy)","Displayer","33.9","28","33.8","0.1","",""
"SGM (Italy)","G7 Spot","27.8","23","27.8","0","",""
"SGM (Italy)","G-Profile","37.5","30","37.5","0","",""
"SGM (Italy)","G-Profile Turbo","37.5","30","37.5","0","",""
"SGM (Italy)","G-Spot","37.5","30","37.5","0","","GoboPlus lists image 32mm - verify."
"SGM (Italy)","Galileo 575","42.9","40","37.5","5.4","Nearest size is 5.4 mm under the holder",""
"SGM (Italy)","Galileo 1200, 575","54","45","53.3","0.7","",""
"SGM (Italy)","Galileo II /Live 1200","42.9","40","37.5","5.4","Nearest size is 5.4 mm under the holder",""
"SGM (Italy)","Galileo II, III, IV, IV 1200","49","38","44","5","Nearest size is 5 mm under the holder",""
"SGM (Italy)","Galileo IV 1200","42.9","40","37.5","5.4","Nearest size is 5.4 mm under the holder",""
"SGM (Italy)","Galileo IV Live 1200","42.9","40","37.5","5.4","Nearest size is 5.4 mm under the holder","Needs Special Holder (Unavailable). GoboPlus lists image 38mm - verify."
"SGM (Italy)","Giotto Spot 250","28","24","27.8","0.2","",""
"SGM (Italy)","Giotto Spot 400","28","23","27.8","0.2","",""
"SGM (Italy)","Giotto Spot 1200","42.9","40","37.5","5.4","Nearest size is 5.4 mm under the holder","GoboPlus lists glass 49mm; image 33mm - verify."
"SGM (Italy)","Giotto Spot 1500, 250, 400, 700","27.8","22","27.8","0","",""
"SGM (Italy)","Idea Scanner & Idea Spot","27","22","26.5","0.5","",""
"SGM (Italy)","Synthesis","27.8","22","27.8","0","",""
"SGM (Italy)","Victory","33","28","32.7","0.3","",""
"SGM (Italy)","Victory 250","33.9","31","33.8","0.1","",""
"SGM (Italy)","Victory II 250","33.9","31","33.8","0.1","",""
"SGM (Italy)","Victory PRO 150","33.9","30","33.8","0.1","",""
"Showtec","Explorer 250 Pro","37.5","28","37.5","0","",""
"Showtec","Explorer 575 Spot","27","22","26.5","0.5","",""
"Showtec","Genesis 12 575 HMI","28","22","27.8","0.2","",""
"Showtec","Genesis Barrel CDM/EH","28","22","27.8","0.2","",""
"Showtec","Genesis Scan CDM/EHJ","28","22","27.8","0.2","",""
"Showtec","Giant","23.8","20","23.7","0.1","",""
"Showtec","Image Spot 75W","40","18","37.5","2.5","Nearest size is 2.5 mm under the holder",""
"Showtec","Image Spot 300","66","45","66","0","",""
"Showtec","Imagespot 25W","25","18","25","0","",""
"Showtec","Indigo 50 LED","24","20","23.7","0.3","",""
"Showtec","Indigo 150 LED","26","20","25.5","0.5","",""
"Showtec","Indigo 250 LED","31","27","30.8","0.2","","Gobo holder: Rotating."
"Showtec","Indigo 250 LED","36","27","35.3","0.7","","Gobo holder: Static."
"Showtec","Indigo 4500","25.8","20","25.5","0.3","",""
"Showtec","Indigo 4600","25.95","19","25.5","0.45","",""
"Showtec","Indigo 5500 Rotating","32.75","27.5","32.7","0.05","",""
"Showtec","Indigo 6500","32.7","26.5","32.7","0","",""
"Showtec","Infinity 200","29","22","27.8","1.2","Nearest size is 1.2 mm under the holder",""
"Showtec","Infinity IS 100","26.8","22","26.5","0.3","",""
"Showtec","Infinity iS-250","27.7","21","26.5","1.2","Nearest size is 1.2 mm under the holder",""
"Showtec","Infinity S401 Spot","25.94","22.94","25.5","0.44","","1.1mm Maximum Thickness."
"Showtec","LED Gobo Projector","25","18","25","0","",""
"Showtec","Multi Profile Spot","86","64.5","86","0","",""
"Showtec","Performer Profile 600","86","60","86","0","",""
"Showtec","Performer Profile 650 Q5","80","68","70","10","Nearest size is 10 mm under the holder","2.5mm Maximum Thickness."
"Showtec","Performer Profile Mini","38","27","37.5","0.5","",""
"Showtec","Phantom 3R Hybrid Glass (B&W Glass only)","13.75","11","","","No production size at or below 13.75 mm",""
"Showtec","Phantom 3R Hybrid Metal","13.75","11","","","No production size at or below 13.75 mm",""
"Showtec","Phantom 50 Spot","24","17","23.7","0.3","",""
"Showtec","Phantom 65 Glass","23.8","20","23.7","0.1","",""
"Showtec","Phantom 65 Metal","24","20","23.7","0.3","",""
"Showtec","Phantom 75W LED","24","20","23.7","0.3","","23.8 mm for glass."
"Showtec","Phantom 100","24","20","23.7","0.3","",""
"Showtec","Phantom 130 Spot Glass","24","20","23.7","0.3","","1.31mm Maximum Thickness."
"Showtec","Phantom 130 Spot Metal","24","20","23.7","0.3","",""
"Showtec","Phantom 140 LED","26.8","22","26.5","0.3","",""
"Showtec","Phantom 250 Spot","25.8","21","25.5","0.3","",""
"Showtec","Phantom 575 Basic EB / Pro EB","27.8","23","27.8","0","",""
"Showtec","Phantom MK II EHJ 250 / HTI 150","27","20","26.5","0.5","",""
"Showtec","Polar 300 Hybrid","16.32","12","16","0.32","",""
"Showtec","Profile Spotlight 650/1200W","65.5","45","53.3","12.2","Nearest size is 12.2 mm under the holder",""
"Showtec","Promo Par 16","55","40","53.3","1.7","Nearest size is 1.7 mm under the holder",""
"Showtec","Promo Par 50","60","36","53.3","6.7","Nearest size is 6.7 mm under the holder",""
"Showtec","Revolution 250 / 700","31","25","30.8","0.2","",""
"Showtec","Typhoon","27.8","22","27.8","0","",""
"Sidius","575 Work","27","22","26.5","0.5","",""
"SLV","Gobo Projector","53.3","40","53.3","0","",""
"Smallrig","SP AIR","40","28","37.5","2.5","Nearest size is 2.5 mm under the holder",""
"Soundlab","Advertising Projector 75W","44","32","44","0","",""
"Soundtech","Gobo Spot","37.5","28","37.5","0","",""
"Spotlight Milano","Combi 05 ZS/ZW","86","64.5","86","0","",""
"Spotlight Milano","Combi 05 ZS/ZW","65.5","49.5","53.3","12.2","Nearest size is 12.2 mm under the holder",""
"Spotlight Milano","Combi 12 ZS/ZW","86","64.5","86","0","",""
"Spotlight Milano","Combi 25 ZM/ZW","100","75","100","0","",""
"Spotlight Milano","Combi 25 ZM/ZW","86","64.5","86","0","",""
"Spotlight Milano","Evolution 12 DC ZS/ZW, 12 H ZS/ZW","86","64.5","86","0","",""
"Spotlight Milano","Figura 12 Axial LV","86","64.5","86","0","",""
"Spotlight Milano","Piccolo HE/HS/ME/MS","65.5","49.5","53.3","12.2","Nearest size is 12.2 mm under the holder",""
"Spotlight Milano","ProfiLED 50 Zs CW/WW/NW","65.5","49.5","53.3","12.2","Nearest size is 12.2 mm under the holder",""
"Spotlight Milano","ProfiLED 100 ZS","86","64.5","86","0","",""
"Spotlight Milano","ProfiLED 100 ZW","65.5","49.5","53.3","12.2","Nearest size is 12.2 mm under the holder",""
"Spotlight Milano","ProfiLED 150 RGBW, 250 RGBW","86","64.5","86","0","",""
"Spotlight Milano","ProfiLED 200 CW/WW/NW","86","64.5","86","0","",""
"Spotlight Milano","ProfiLED 600 RGBW","86","49.5","86","0","","Gobo holder: Adjustable holder / check gobo size."
"Spotlight Milano","Sintesi Figura 05 ZS/ZW","86","64.5","86","0","","Gobo holder: Adjustable holder / check gobo size."
"Spotlight Milano","Sintesi Figura 05 ZS/ZW","65.5","49.5","53.3","12.2","Nearest size is 12.2 mm under the holder","Gobo holder: Adjustable holder / check gobo size."
"Spotlight Milano","Sintesi Figura 12 ZS/ZW, 25 ZS","86","64.5","86","0","",""
"Spotlight Milano","Sintesi/ Vision 1200","86","64.5","86","0","","Gobo holder: GH50 metal."
"Spotlight Milano","Sintesi/Vision 650","65.5","49.5","53.3","12.2","Nearest size is 12.2 mm under the holder","Gobo holder: GH49 metal."
"Spotlight Milano","Sintesi/Vision 2500","100","75","100","0","","Gobo holder: GH51 metal."
"Spotlight Milano","SS 300, 500, 650","86","64.5","86","0","","Gobo holder: Adjustable holder / check size."
"Spotlight Milano","SS 300, 500, 650","65.5","49.5","53.3","12.2","Nearest size is 12.2 mm under the holder","Gobo holder: Adjustable holder / check size."
"Spotlight Milano","Vedette 12 M CR/HR","100","75","100","0","",""
"Spotlight Milano","Vedette 12 MMT","86","64.5","86","0","",""
"Spotlight Milano","Vedette 25 CM HR","100","75","100","0","",""
"Spotlight Milano","Vedette 25 H/MR","86","64.5","86","0","",""
"Stairville","GP30-W LED Gobo Projector","37.5","28","37.5","0","",""
"Stairville","MH 250 S","26.8","22","26.5","0.3","",""
"Stairville","MH-50x","24","20","23.7","0.3","",""
"Stairville","MH-X25 LED Spot Moving Head","24","20","23.7","0.3","",""
"Stairville","MH-X200","28","18","27.8","0.2","",""
"Stairville","RevueLED 150 Profile","86","64.5","86","0","",""
"Standard Size","A Size","100","75","100","0","","Previously listed here as 81 mm image."
"Standard Size","B Size","86","64.5","86","0","","Previously listed here as 70 mm image."
"Standard Size","BG-Size","82","64","70","12","Nearest size is 12 mm under the holder",""
"Standard Size","D Size","53.3","40","53.3","0","","Previously listed here as 43 mm image."
"Standard Size","E Size","37.5","28","37.5","0","",""
"Standard Size","G Size","66","45","66","0","","Metal holder size (Clay Paky / integral); glass holders take 51.8 mm. Previously listed here as 51.8 mm / 43 mm."
"Standard Size","M Size","65.5","49.5","53.3","12.2","Nearest size is 12.2 mm under the holder","Some fixtures use 66 mm. Previously listed here as 66 mm / 54 mm."
"Standard Size","S Size","92","79","86","6","Nearest size is 6 mm under the holder","Metal only."
"Standard Size","T Size","46.5","38","44","2.5","Nearest size is 2.5 mm under the holder",""
"Standard Size","V Size","25","18","25","0","","Previously listed here as 22.5 mm / 22 mm."
"Steinigker Showtechnik","Future Lite","33","28","32.7","0.3","",""
"Strand Lighting","263 / 264 profile","100","75","100","0","","Gobo holder: GH74 metal, GH05 glass."
"Strand Lighting","263 / 264 profile","86","64.5","86","0","","Gobo holder: GH73 metal, GH35 glass."
"Strand Lighting","263/264","100","75","100","0","","Gobo holder: GH74 metal, GH05 glass."
"Strand Lighting","263/264","86","64.5","86","0","","Gobo holder: GH73 metal, GH35 glass."
"Strand Lighting","Alto","100","75","100","0","","Gobo holder: GH07 metal."
"Strand Lighting","Alto","86","64.5","86","0","","Gobo holder: GH36 metal."
"Strand Lighting","Brio","100","75","100","0","","Gobo holder: GH74 metal, GH05 glass."
"Strand Lighting","Brio","86","64.5","86","0","","Gobo holder: GH73 metal, GH35 glass."
"Strand Lighting","Cadenza","100","75","100","0","","Gobo holder: GH07 metal."
"Strand Lighting","Cadenza","86","64.5","86","0","","Gobo holder: GH36 metal."
"Strand Lighting","Cantata","100","75","100","0","","Gobo holder: GH74 metal, GH05 glass."
"Strand Lighting","Cantata","86","64.5","86","0","","Gobo holder: GH73 metal, GH35 glass."
"Strand Lighting","Harmony","100","75","100","0","","Gobo holder: GH74 metal, GH05 glass."
"Strand Lighting","Harmony","86","64.5","86","0","","Gobo holder: GH73 metal, GH35 glass."
"Strand Lighting","Hilite 23","53.3","40","53.3","0","","Gobo holder: GH13 metal."
"Strand Lighting","Leko","86","64.5","86","0","","Gobo holder: GH48 metal."
"Strand Lighting","Minim 23","53.3","40","53.3","0","","Gobo holder: GH13 metal."
"Strand Lighting","Optique","100","75","100","0","","Gobo holder: GH74 metal, GH05 glass."
"Strand Lighting","Optique","86","64.5","86","0","","Gobo holder: GH73 metal, GH35 glass."
"Strand Lighting","Patt 765, 793, 794, 293, 294","100","75","100","0","","Gobo holder: GH11 metal."
"Strand Lighting","Patt 765, 793, 794, 293, 294","150","125","100","50","Nearest size is 50 mm under the holder","Gobo holder: GH10 metal."
"Strand Lighting","Pattern 23/23N","86","64.5","86","0","","Gobo holder: GH08 metal."
"Strand Lighting","Prelude","100","75","100","0","","Gobo holder: GH74 metal, GH05 glass."
"Strand Lighting","Prelude","86","64.5","86","0","","Gobo holder: GH73 metal, GH35 glass."
"Strand Lighting","Quartet","65.5","49.5","53.3","12.2","Nearest size is 12.2 mm under the holder","Gobo holder: GH33 metal."
"Strand Lighting","SL Coolbeam","86","64.5","86","0","","Gobo holder: GH73 metal, GH35 glass."
"Strand Lighting","SL Range","100","75","100","0","","Gobo holder: GH74 metal, GH05 glass."
"Strand Lighting","SL Range","86","64.5","86","0","","Gobo holder: 15786 Iris Slot / GH73 metal and GH35 glass Gobo Slot."
"Strand Lighting","SL Range","86","62","86","0","","Gobo holder: GH76 with clips. B bezel glass (clip holder)."
"Strand Lighting","SL Range","65.5","49.5","53.3","12.2","Nearest size is 12.2 mm under the holder","Gobo holder: GH46 metal, GH53 glass."
"Strand Lighting","Solo","100","75","100","0","","Gobo holder: GH07 metal."
"Strand Lighting","Solo","86","64.5","86","0","","Gobo holder: GH36 metal."
"Strand Lighting","T 84","100","75","100","0","",""
"Strand Lighting","T Spot","100","75","100","0","","Gobo holder: GH74 metal, GH05 glass."
"Strand Lighting","T Spot","86","64.5","86","0","","Gobo holder: GH73 metal, GH35 glass."
"Strand Lighting","Toccata","100","75","100","0","","Gobo holder: GH07 metal."
"Strand Lighting","Toccata","86","64.5","86","0","","Gobo holder: GH36 metal."
"Studio Due","Lantern","42","33","37.5","4.5","Nearest size is 4.5 mm under the holder",""
"Studio Due","Live Pro","35.5","32","35.3","0.2","","Gobo holder: Rotating."
"Studio Due","Live Pro","42","38","37.5","4.5","Nearest size is 4.5 mm under the holder","Gobo holder: Static."
"Studio Due","Shark 150","24","19","23.7","0.3","",""
"Studio Due","Shark 250","23.7","19","23.7","0","",""
"Studio Due","Stratos","37","32","35.3","1.7","Nearest size is 1.7 mm under the holder","Gobo holder: Rotating."
"Studio Due","Stratos","42","39","37.5","4.5","Nearest size is 4.5 mm under the holder","Gobo holder: Static."
"Studio Due","Strong Professional Scan 250","25","17","25","0","",""
"Studio Due","XS Excess","37.5","28","37.5","0","",""
"Sylvania","Kreios G1 LED","37.5","28","37.5","0","",""
"TAS","Compact Scan","26.5","22","26.5","0","",""
"TAS","Digi Scan","26.5","22","26.5","0","",""
"TAS","Pro Spot 575 LX","32.9","28","32.7","0.2","","Gobo holder: Rotating & Static."
"TAS","Pro Spot Moving Yoke","26.5","22","26.5","0","",""
"Tasco","Starlight MK 2","46.5","38","44","2.5","Nearest size is 2.5 mm under the holder",""
"Tasco","Starlight MK 3","41","37","37.5","3.5","Nearest size is 3.5 mm under the holder",""
"Tasco","Starlight MK 5","46.5","38","44","2.5","Nearest size is 2.5 mm under the holder",""
"Teatro","Acuto 2K","100","75","100","0","","Gobo holder: GH44 metal discontinued."
"Teatro","Comma 650W","65.5","49.5","53.3","12.2","Nearest size is 12.2 mm under the holder","Gobo holder: GH41 metal discontinued."
"Teatro","Tipo 1200W","86","64.5","86","0","","Gobo holder: GH43 metal discontinued."
"Teatro","Tratto","86","64.5","86","0","","Gobo holder: GH43 metal discontinued."
"Tech Lighting","MR75","37.5","28","37.5","0","",""
"Tech Lighting","T 156","51","27","50","1","Nearest size is 1 mm under the holder",""
"Tech Lighting","T-156 Gobo Holder","54","27","53.3","0.7","","Use 53.3mm Glass."
"Techlumen","Spot 250, 575","27","22","26.5","0.5","",""
"Techni-Lux","DM-VectorLED 160S","25","20","25","0","",""
"Techni-Lux","DM-VectorLED 1140S","29","24","27.8","1.2","Nearest size is 1.2 mm under the holder","No glass size available."
"Techni-Lux","G2R LED","37.5","28","37.5","0","",""
"Techni-Lux","IL-Tracker 250S/1","37.2","30","35.3","1.9","Nearest size is 1.9 mm under the holder","No glass size available."
"Techni-Lux","Servo Spot 250, 500","26.5","22","26.5","0","",""
"Techni-Lux","TH-GOBO1B","50","27","50","0","",""
"Terbley","V 250 SP, V 575 S, V 700","26.8","22","26.5","0.3","",""
"Terbley","V 1500 T","29","22","27.8","1.2","Nearest size is 1.2 mm under the holder",""
"Terralec","Gobo Projector","53.3","40","53.3","0","",""
"Terralec","Nautic Gobo","53.3","40","53.3","0","",""
"Thorn","Phantom","65.5","49.5","53.3","12.2","Nearest size is 12.2 mm under the holder",""
"Times Square","Gobo 150 CDM, 70 CDM, MC70FP, OD70PF, Q3002","65.5","49.5","53.3","12.2","Nearest size is 12.2 mm under the holder",""
"Times Square","MR35","37.5","28","37.5","0","",""
"Times Square","MR75","37.5","28","37.5","0","","Gobo holder: GH13 metal."
"Tobias Grau","Omm Focus Contur","40","28","37.5","2.5","Nearest size is 2.5 mm under the holder","Square gobo, not round."
"TourPro Lighting","LightSky F1000","36","25","35.3","0.7","","Use 35.3mm Glass."
"TourPro Lighting","LightSky s500 Hybrid","15.9","10","","","No production size at or below 15.9 mm",""
"Tourspot","575","30","23","29.9","0.1","",""
"Triton Blue","Pro Spot 700, Spot 575 MSR","26.5","20","26.5","0","",""
"Vari-Lite","VL1","25","18","25","0","",""
"Vari-Lite","VL6B, 6B","22.5","18","22.5","0","","Gobo holder: VL Carrier."
"Vari-Lite","VL440 Spot","25.5","24","25.5","0","",""
"Vari-Lite","VL770 Spot","25.5","24","25.5","0","",""
"Vari-Lite","VL880","25.5","24","25.5","0","","Gobo holder: Rotating (no carrier)."
"Vari-Lite","VL880 Spot","25.5","24","25.5","0","",""
"Vari-Lite","VL1000","40.6","28.5","37.5","3.1","Nearest size is 3.1 mm under the holder","Requires special holder from VariLite - (Gobo) Mirrored side up. See Diagram. GoboPlus lists glass E-37.5mm; image 28mm - verify."
"Vari-Lite","VL1100 ERS","37.5","28","37.5","0","","Gobo holder: Rotating VL Carrier."
"Vari-Lite","VL2500 Spot","22.7","15","22.5","0.2","","Gobo holder: Rotating VL Carrier."
"Vari-Lite","VL2500 Spot","Trapezoid","28","","","Not a standard round size","Gobo holder: Fixed VL Carrier. Trapezoid gobo, not round. Check with manufacturing."
"Vari-Lite","VL2500 Spot (Rotating)","22.7","16.5","22.5","0.2","","Requires special holder from VariLite - (Gobo) Mirrored side up. See Diagram."
"Vari-Lite","VL2600 Spot","26.8","17","26.5","0.3","",""
"Vari-Lite","VL3000","37.5","26.5","37.5","0","","Requires special holder from VariLite - (Gobo) Mirrored side down. See Diagram."
"Vari-Lite","VL3000 Q Spot","37.5","26.5","37.5","0","","Gobo holder: Rotating VL Carrier."
"Vari-Lite","VL3000 Spot","37.5","26.5","37.5","0","","Gobo holder: Rotating VL Carrier."
"Vari-Lite","VL3015 Spot","37.5","26.5","37.5","0","","Gobo holder: Rotating VL Carrier."
"Vari-Lite","VL3015LT Spot","37.5","26.5","37.5","0","","Gobo holder: Rotating VL Carrier."
"Vari-Lite","VL3500","37.5","26.5","37.5","0","","Requires special holder from VariLite - (Gobo) Mirrored side down. See Diagram."
"Vari-Lite","VL3500 Q Spot","37.5","26.5","37.5","0","","Gobo holder: Rotating VL Carrier."
"Vari-Lite","VL3500 Spot","37.5","26.5","37.5","0","","Gobo holder: Rotating VL Carrier."
"Vari-Lite","VL3500 Wash FX","50.8","44","50","0.8","","Gobo holder: Rotating (no carrier)."
"Vari-Lite","VL3515 Spot","37.5","26.5","37.5","0","","Gobo holder: Rotating VL Carrier."
"Vari-Lite","VL3600 Profile","29.8","24","27.8","2","Nearest size is 2 mm under the holder",""
"Vari-Lite","VL4000","37.5","29.5","37.5","0","","Requires special holder from VariLite - (Gobo) Mirrored side down. See Diagram."
"Vari-Lite","VL4000 Beamwash, Spot","37.5","29.5","37.5","0","","Gobo holder: Requires Rotating VL Carrier."
"Vari-Lite","VL4000 Effects Wheel","100","95","100","0","","Requires VL gobo carrier."
"Vari-Lite","VL4000 Spot","37.5","29.5","37.5","0","","Gobo holder: Rotating VL Carrier."
"Vari-Lite","VL6000","37.5","29.5","37.5","0","","1.1mm Maximum Thickness."
"Vari-Lite","VLZ","30","22","29.9","0.1","","1.1mm Maximum Thickness. GoboPlus lists image 17mm - verify."
"Varytec","LED Profile Mini IP65 3200K","27","22","26.5","0.5","",""
"Wave Lighting","WB 280W Beam Spot","14.8","12","","","No production size at or below 14.8 mm","Gobo holder: Supplied with luminaire."
"WE-EF","FLC210-CC LED","46.5","38","44","2.5","Nearest size is 2.5 mm under the holder",""
"WE-EF","FLC230-CC LED","86","48","86","0","",""
"WE-EF","Profile FLC240","86","64.5","86","0","","Gobo holder: Supplied with luminaire."
"Westcott Lindsay Adler","Optical Spot","65.5","49.5","53.3","12.2","Nearest size is 12.2 mm under the holder",""
"Wildtech","Logo Projector 250W ELC","53.3","40","53.3","0","",""
"Wildtech","Logo Projector WT-LGP","53.3","40","53.3","0","",""
"Xenpow","Logojector LGP-32B/CR1, 32B/RZ, 32B/Z, 32IP1","37.5","28","37.5","0","",""
"Xenpow","Logojector LGP- 20 & 30 CRL & IPL, 32B/CR2, 32IP2","37.5","28","37.5","0","",""
"Zero 88","Condenser Profile, Focus","65.5","49.5","53.3","12.2","Nearest size is 12.2 mm under the holder","Gobo holder: GH15 metal, GH55 glass."
"Zumtobel","Arc 3 Gobo Projector","53","35","50","3","Nearest size is 3 mm under the holder",""
"Zumtobel","Staff Xeno Objective","42","36","37.5","4.5","Nearest size is 4.5 mm under the holder",""